id,player,nation,pos,squad,age,born,mp,starts,minutes,min_90s,gls,ast,g_plus_a,g_minus_pk,pk,pkatt,crdy,crdr,per90_gls,per90_ast,per90_g_a,per90_g_minus_pk,per90_g_a_minus_pk,cluster,PCA1,PCA2,PCA3
1,Joshua Acheampong,eng ENG,DF,Chelsea,18,2006,4,2,170,1.9,0,0,0,0,0,0,1,0,0.0,0.0,0.0,0.00,0.00,2,-2.9309969062282653,-0.878999290761336,0.022160924803255377
2,Tyler Adams,us USA,MF,Bournemouth,25,1999,28,21,1965,21.8,0,3,3,0,0,0,7,0,0.0,0.14,0.14,0.00,0.14,3,0.4639623954067139,1.2907441354084987,-1.1070651138099112
3,Tosin Adarabioyo,eng ENG,DF,Chelsea,26,1997,22,15,1409,15.7,1,1,2,1,0,0,4,0,0.06,0.06,0.13,0.06,0.13,3,-0.6423302738267009,0.39120584627866045,-0.24860262954158335
4,Simon Adingra,ci CIV,MF,Brighton,22,2002,29,12,1097,12.2,2,2,4,2,0,0,0,0,0.16,0.16,0.33,0.16,0.33,0,0.15369805124045552,-1.0692768256354692,-0.4575482359316209
5,Emmanuel Agbadou,ci CIV,DF,Wolves,27,1997,16,16,1410,15.7,1,0,1,1,0,0,3,0,0.06,0.0,0.06,0.06,0.06,2,-1.320566372905244,0.41763819799197255,0.12565978403781922
6,Ola Aina,ng NGA,DF,Nottingham Forest,27,1996,35,35,2995,33.3,2,1,3,2,0,0,5,0,0.06,0.03,0.09,0.06,0.09,3,0.9103537076298792,2.2692646069197657,-0.21955391387109355
7,Rayan Aït-Nouri,dz ALG,"MF,DF",Wolves,23,2001,37,37,3109,34.5,4,7,11,4,0,0,7,1,0.12,0.2,0.32,0.12,0.32,1,3.8672176945443857,1.8088659871916717,0.6275843442772634
8,Kristoffer Ajer,no NOR,DF,Brentford,26,1998,24,17,1438,16.0,0,0,0,0,0,0,5,0,0.0,0.0,0.0,0.00,0.00,3,-1.2386585565743227,1.2717877790392558,-0.1214536173877962
9,Manuel Akanji,ch SUI,"DF,MF",Manchester City,29,1995,26,23,2014,22.4,0,0,0,0,0,0,3,0,0.0,0.0,0.0,0.00,0.00,3,-0.9739986042791512,1.4860754656160426,-0.17872107617223754
10,Nathan Aké,nl NED,DF,Manchester City,29,1995,10,8,678,7.5,0,0,0,0,0,0,0,0,0.0,0.0,0.0,0.00,0.00,2,-2.4943693196792207,-0.4362186942785446,-0.04013507145240952
11,Carlos Alcaraz,ar ARG,MF,Everton,21,2002,15,7,764,8.5,2,3,5,2,0,0,4,0,0.24,0.35,0.59,0.24,0.59,0,0.8579535575347894,-2.2941407094555375,-1.038975792318774
12,Trent Alexander-Arnold,eng ENG,DF,Liverpool,25,1998,33,28,2365,26.3,3,6,9,3,0,0,5,0,0.11,0.23,0.34,0.11,0.34,1,2.6102269844213386,0.39001905092842387,-1.4151122247793675
13,Alisson,br BRA,GK,Liverpool,31,1992,28,28,2508,27.9,0,0,0,0,0,0,0,0,0.0,0.0,0.0,0.00,0.00,3,-0.830063365684543,1.4958905316719007,-0.2333972429916446
14,Miguel Almirón,py PAR,FW,Newcastle United,30,1994,9,1,157,1.7,0,0,0,0,0,0,0,0,0.0,0.0,0.0,0.00,0.00,2,-2.8742498404578174,-0.9089851277909342,0.007613228070454732
15,Edson Álvarez,mx MEX,MF,West Ham United,26,1997,28,20,1772,19.7,0,1,1,0,0,0,9,1,0.0,0.05,0.05,0.00,0.05,3,-0.051242469347106474,2.410568634673684,1.5560899280024345
16,Harry Amass,eng ENG,MF,Manchester Utd,17,2007,5,4,346,3.8,0,0,0,0,0,0,0,0,0.0,0.0,0.0,0.00,0.00,2,-2.8602382828617063,-0.8502012666653742,0.001331003920869662
17,Joachim Andersen,dk DEN,DF,Fulham,28,1996,29,29,2583,28.7,0,0,0,0,0,0,6,1,0.0,0.0,0.0,0.00,0.00,3,-0.13475099083350833,2.904719120129553,1.8066345551874612
18,Elliot Anderson,eng ENG,MF,Nottingham Forest,21,2002,37,33,2728,30.3,2,6,8,2,0,0,10,0,0.07,0.2,0.26,0.07,0.26,3,2.9230769471660127,1.8666532903876327,-1.5053223705231675
19,André,br BRA,MF,Wolves,23,2001,33,31,2472,27.5,0,0,0,0,0,0,7,0,0.0,0.0,0.0,0.00,0.00,3,-0.12608605836514614,2.6960428701538084,-0.22885916550775814
20,Michail Antonio,jm JAM,FW,West Ham United,34,1990,14,11,836,9.3,1,1,2,1,0,0,1,0,0.11,0.11,0.22,0.11,0.22,2,-1.079727526789939,-0.9797563609687081,-0.27301584772972737
21,Antony,br BRA,"FW,MF",Manchester Utd,24,2000,8,0,141,1.6,0,0,0,0,0,0,0,0,0.0,0.0,0.0,0.00,0.00,2,-2.9369581038903054,-0.9783750811487117,0.014756625776312211
22,Julian Araujo,mx MEX,DF,Bournemouth,22,2001,12,7,497,5.5,0,0,0,0,0,0,2,0,0.0,0.0,0.0,0.00,0.00,2,-2.378097720580351,-0.20713393826175702,-0.027399089150925534
23,Cameron Archer,eng ENG,FW,Southampton,23,2001,35,13,1441,16.0,2,0,2,2,0,1,0,0,0.12,0.0,0.12,0.12,0.12,2,-0.663846603323218,0.17513154565339115,0.2950708411576818
24,Alphonse Areola,fr FRA,GK,West Ham United,31,1993,26,25,2260,25.1,0,0,0,0,0,0,0,0,0.0,0.0,0.0,0.00,0.00,3,-1.0495938164165666,1.2372280558238071,-0.2074343832547157
25,Joe Aribo,ng NGA,MF,Southampton,28,1996,32,21,2013,22.4,3,0,3,3,0,0,1,0,0.13,0.0,0.13,0.13,0.13,3,-0.0995889122146003,0.6074099574592282,0.36440498317405134
26,Adam Armstrong,eng ENG,"FW,MF",Southampton,27,1997,20,15,1248,13.9,2,2,4,2,0,1,4,0,0.14,0.14,0.29,0.14,0.29,0,0.14766367659197754,-0.47048779067075996,-0.40375768878564233
27,Kepa Arrizabalaga,es ESP,GK,Bournemouth,29,1994,31,31,2790,31.0,0,0,0,0,0,0,3,0,0.0,0.0,0.0,0.00,0.00,3,-0.36309586732202037,2.211843747467212,-0.2512534526688802
28,Marco Asensio,es ESP,MF,Aston Villa,28,1996,13,9,743,8.3,3,1,4,3,0,2,2,0,0.36,0.12,0.48,0.36,0.48,0,-0.04120576193524635,-2.0855736574003125,0.4745902563863015
29,Taiwo Awoniyi,ng NGA,FW,Nottingham Forest,26,1997,26,3,416,4.6,1,0,1,1,0,0,0,0,0.22,0.0,0.22,0.22,0.22,2,-1.4164893259033384,-1.1224484233576963,0.5539301628605612
30,Yasin Ayari,se SWE,MF,Brighton,20,2003,34,22,1965,21.8,2,1,3,2,0,0,3,0,0.09,0.05,0.14,0.09,0.14,3,0.22976743972039873,0.9290278135833283,-0.1428581922862328
31,Jordan Ayew,gh GHA,MF,Leicester City,32,1991,30,19,1638,18.2,5,0,5,4,1,1,5,0,0.27,0.0,0.27,0.22,0.22,3,0.678294449871305,0.21476851686035428,0.910658756313121
32,Benoît Badiashile,fr FRA,DF,Chelsea,23,2001,5,3,334,3.7,0,0,0,0,0,0,0,0,0.0,0.0,0.0,0.00,0.00,2,-2.8905187019061747,-0.8886079032230878,0.005411489531301668
33,Leon Bailey,jm JAM,MF,Aston Villa,26,1997,24,14,1139,12.7,1,2,3,1,0,0,3,0,0.08,0.16,0.24,0.08,0.24,0,-0.14002185289697938,-0.33067460618827077,-0.7170635070398624
34,Carlos Baleba,cm CMR,MF,Brighton,20,2004,34,31,2661,29.6,3,1,4,3,0,0,8,1,0.1,0.03,0.14,0.10,0.14,3,1.3732881965399608,2.632782580826051,2.0285944225983283
35,Ross Barkley,eng ENG,MF,Aston Villa,30,1993,20,3,581,6.5,3,1,4,3,0,0,3,0,0.46,0.15,0.62,0.46,0.62,0,0.43697585732199373,-2.504831292835443,0.61523989508227
36,Harvey Barnes,eng ENG,"FW,MF",Newcastle United,26,1997,33,17,1755,19.5,9,4,13,9,0,0,0,0,0.46,0.21,0.67,0.46,0.67,1,3.271450283840543,-2.46616980443768,0.32064155207883177
37,Calvin Bassey,ng NGA,DF,Fulham,24,1999,35,34,3074,34.2,1,0,1,1,0,0,7,0,0.03,0.0,0.03,0.03,0.03,3,0.4589968185398515,2.9078483271204782,-0.11295788026972245
38,Altay Bayındır,tr TUR,GK,Manchester Utd,26,1998,4,4,360,4.0,0,0,0,0,0,0,0,0,0.0,0.0,0.0,0.00,0.00,2,-2.8870337591771458,-0.8739955305911886,0.003723717894402629
39,Jan Bednarek,pl POL,DF,Southampton,28,1996,30,30,2531,28.1,2,0,2,2,0,0,7,0,0.07,0.0,0.07,0.07,0.07,3,0.31024902917055247,2.1847497400779115,0.11549967513574537
40,Armel Bella Kotchap,de GER,DF,Southampton,22,2001,4,2,331,3.7,0,0,0,0,0,0,0,0,0.0,0.0,0.0,0.00,0.00,2,-2.9491591439529103,-0.9528057628383522,0.01207085526023683
41,Jean-Ricner Bellegarde,ht HAI,MF,Wolves,26,1998,35,20,1677,18.6,2,7,9,2,0,0,3,0,0.11,0.38,0.48,0.11,0.48,1,2.6753797645513586,-0.9117525681955984,-2.1673411099283983
42,Rodrigo Bentancur,uy URU,MF,Tottenham Hotspur,27,1997,26,21,1645,18.3,2,0,2,2,0,0,9,0,0.11,0.0,0.11,0.11,0.11,3,-0.07989165976623515,1.5406268288668892,0.297400696557136
43,Daniel Bentley,eng ENG,GK,Wolves,31,1993,2,2,180,2.0,0,0,0,0,0,0,0,0,0.0,0.0,0.0,0.00,0.00,2,-3.0587608679722282,-1.071885427606127,0.02352103119723392
44,Sander Berge,no NOR,MF,Fulham,26,1998,31,26,2224,24.7,0,0,0,0,0,0,6,0,0.0,0.0,0.0,0.00,0.00,3,-0.4672081641298363,2.232043968903707,-0.19972445172080172
45,Lucas Bergvall,se SWE,MF,Tottenham Hotspur,18,2006,27,11,1212,13.5,0,1,1,0,0,0,3,0,0.0,0.07,0.07,0.00,0.07,2,-1.040808068898711,0.4626521748435093,-0.5127013145623573
46,Victor Bernth Kristiansen,dk DEN,"DF,MF",Leicester City,21,2002,30,29,2482,27.6,0,1,1,0,0,0,1,0,0.0,0.04,0.04,0.00,0.04,3,-0.3140745353158748,1.5015777917911246,-0.5284962727764189
47,Beto,gw GNB,FW,Everton,26,1998,30,15,1534,17.0,8,0,8,8,0,0,2,0,0.47,0.0,0.47,0.47,0.47,0,1.4103632456855697,-1.3429035689973556,1.646909492101702
48,Philip Billing,dk DEN,MF,Bournemouth,28,1996,10,1,184,2.0,0,0,0,0,0,0,1,0,0.0,0.0,0.0,0.00,0.00,2,-2.766084440269885,-0.7307072428659727,0.007789471383146514
49,Yves Bissouma,ml MLI,MF,Tottenham Hotspur,27,1996,28,16,1408,15.6,2,0,2,2,0,0,7,0,0.13,0.0,0.13,0.13,0.13,3,-0.30468252920264227,0.987250451790086,0.3585555297835761
50,Lamare Bogarde,nl NED,"DF,MF",Aston Villa,20,2004,8,5,476,5.3,0,0,0,0,0,0,2,0,0.0,0.0,0.0,0.00,0.00,2,-2.5624246588114192,-0.4002920338768427,-0.007693900899246091
51,Willy Boly,ci CIV,DF,Nottingham Forest,33,1991,6,1,150,1.7,0,0,0,0,0,0,1,0,0.0,0.0,0.0,0.00,0.00,2,-2.901428185894544,-0.8618295629404773,0.02071131788674091
52,Sven Botman,nl NED,DF,Newcastle United,24,2000,8,6,412,4.6,0,0,0,0,0,0,1,0,0.0,0.0,0.0,0.00,0.00,2,-2.6244659904472396,-0.5303477322404276,-0.013040180781111847
53,Jarrod Bowen,eng ENG,"MF,FW",West Ham United,27,1996,34,34,2973,33.0,13,8,21,12,1,1,1,0,0.39,0.24,0.64,0.36,0.61,1,5.710221881004537,-1.674871119491168,-0.2903364454210066
54,Conor Bradley,nir NIR,DF,Liverpool,21,2003,19,7,754,8.4,0,2,2,0,0,0,4,0,0.0,0.24,0.24,0.00,0.24,2,-0.6512585883504206,-0.6631888321751687,-1.2376732230755256
55,Jarrad Branthwaite,eng ENG,DF,Everton,22,2002,30,28,2511,27.9,0,1,1,0,0,0,4,0,0.0,0.04,0.04,0.00,0.04,3,-0.12590374840684201,1.8938718884703836,-0.5136557905298024
56,James Bree,eng ENG,"DF,MF",Southampton,26,1997,17,13,1075,11.9,0,1,1,0,0,0,0,0,0.0,0.08,0.08,0.00,0.08,2,-1.5131536976875228,-0.2712554786173271,-0.5359580308195386
57,Ben Brereton,cl CHI,"FW,MF",Southampton,25,1999,10,4,449,5.0,0,0,0,0,0,0,1,0,0.0,0.0,0.0,0.00,0.00,2,-2.603586944879761,-0.5240266049593268,-0.012978394887782234
58,Nathan Broadhead,wls WAL,MF,Ipswich Town,26,1998,18,7,702,7.8,2,0,2,2,0,0,1,0,0.26,0.0,0.26,0.26,0.26,2,-1.118619198703084,-1.1955884015911802,0.7352893337432775
59,Armando Broja,al ALB,FW,Everton,22,2001,10,4,334,3.7,0,0,0,0,0,0,1,0,0.0,0.0,0.0,0.00,0.00,2,-2.6395715186768034,-0.5699566649892528,-0.008696573553468916
60,David Brooks,wls WAL,MF,Bournemouth,27,1997,29,9,960,10.7,2,0,2,2,0,0,3,0,0.19,0.0,0.19,0.19,0.19,2,-0.7033556789278422,-0.16963878721418404,0.5259191305846438
61,Emi Buendía,ar ARG,"FW,MF",Aston Villa,27,1996,12,0,98,1.1,0,0,0,0,0,0,1,0,0.0,0.0,0.0,0.00,0.00,2,-2.7571677362022924,-0.7398973755840281,0.008797257580237923
62,Santiago Bueno,uy URU,DF,Wolves,25,1998,29,18,1687,18.7,0,0,0,0,0,0,2,0,0.0,0.0,0.0,0.00,0.00,3,-1.1839595125029365,1.137453357557889,-0.16121483319199964
63,Facundo Buonanotte,ar ARG,"MF,FW",Leicester City,19,2004,31,14,1523,16.9,5,2,7,5,0,0,8,0,0.3,0.12,0.41,0.30,0.41,0,1.6913447216196782,-0.23116726367993304,0.2795341814813719
64,Cameron Burgess,au AUS,DF,Ipswich Town,28,1995,18,16,1541,17.1,0,2,2,0,0,0,0,0,0.0,0.12,0.12,0.00,0.12,2,-0.889879307421885,-0.169333876265782,-0.8578247234899131
65,Dan Burn,eng ENG,DF,Newcastle United,32,1992,37,37,3330,37.0,1,1,2,1,0,0,11,0,0.03,0.03,0.05,0.03,0.05,3,1.2739842279908153,3.5619014768653816,-0.3776370129278029
66,Wes Burns,wls WAL,MF,Ipswich Town,29,1994,18,12,926,10.3,0,1,1,0,0,0,1,0,0.0,0.1,0.1,0.00,0.10,2,-1.4168739879816252,-0.273355848232776,-0.6014821076892135
67,Moisés Caicedo,ec ECU,"MF,DF",Chelsea,22,2001,38,38,3351,37.2,1,2,3,1,0,0,11,0,0.03,0.05,0.08,0.03,0.08,3,1.6483099504694942,3.4793890279460316,-0.5977374443521757
68,Tom Cairney,sct SCO,MF,Fulham,33,1991,25,3,628,7.0,2,0,2,2,0,0,3,1,0.29,0.0,0.29,0.29,0.29,2,-0.6045756022752959,-0.5002664376390588,2.8374430456051893
69,Jens Cajuste,se SWE,MF,Ipswich Town,24,1999,30,25,1959,21.8,1,1,2,1,0,0,2,0,0.05,0.05,0.09,0.05,0.09,3,-0.1819828697308881,1.012614229473818,-0.3271537704422427
70,Riccardo Calafiori,it ITA,DF,Arsenal,22,2002,19,11,983,10.9,2,1,3,2,0,0,4,0,0.18,0.09,0.27,0.18,0.27,2,-0.3737061420206594,-0.6179721691647435,0.0465215368249043
71,Dominic Calvert-Lewin,eng ENG,FW,Everton,27,1997,26,19,1609,17.9,3,1,4,3,0,0,2,0,0.17,0.06,0.22,0.17,0.22,3,0.13923710300735917,-0.08073432895213849,0.136025150055865
72,Diego Carlos,br BRA,DF,Aston Villa,31,1993,10,8,830,9.2,0,0,0,0,0,0,1,0,0.0,0.0,0.0,0.00,0.00,2,-2.3782664593591476,-0.23740258055486002,-0.04169900258452203
73,Fabio Carvalho,pt POR,"FW,MF",Brentford,21,2002,19,3,455,5.1,2,1,3,2,0,0,1,0,0.4,0.2,0.59,0.40,0.59,0,0.037583628472918615,-2.7219899983191724,0.19353410278815042
74,Casemiro,br BRA,MF,Manchester Utd,32,1992,24,18,1494,16.6,1,0,1,1,0,0,5,0,0.06,0.0,0.06,0.06,0.06,3,-0.8547400361849066,1.0297180888834563,0.10014402499167836
75,Matty Cash,pl POL,DF,Aston Villa,26,1997,27,24,2070,23.0,1,1,2,1,0,0,7,0,0.04,0.04,0.09,0.04,0.09,3,0.03829841305705443,1.6686602573362554,-0.28049437854485254
76,Timothy Castagne,be BEL,"DF,MF",Fulham,28,1995,24,17,1649,18.3,0,1,1,0,0,0,1,0,0.0,0.05,0.05,0.00,0.05,2,-1.0452354095805316,0.5509670085464216,-0.4743364032715622
77,Trevoh Chalobah,eng ENG,DF,Chelsea,25,1999,13,11,910,10.1,0,1,1,0,0,0,2,0,0.0,0.1,0.1,0.00,0.10,2,-1.5357464385278379,-0.32218024345034085,-0.5785872735905787
78,Trevoh Chalobah,eng ENG,DF,Crystal Palace,25,1999,12,12,1060,11.8,3,0,3,3,0,0,1,0,0.25,0.0,0.25,0.25,0.25,2,-0.9196949354386581,-1.1026822213749128,0.7799577438640531
79,Conor Chaplin,eng ENG,"MF,FW",Ipswich Town,27,1997,22,10,857,9.5,1,1,2,1,0,0,2,0,0.11,0.11,0.21,0.11,0.21,2,-0.7947905015756607,-0.6158403374555901,-0.2914234177075453
80,Federico Chiesa,it ITA,FW,Liverpool,26,1997,6,1,108,1.2,0,0,0,0,0,0,0,0,0.0,0.0,0.0,0.00,0.00,2,-2.9831110191044026,-1.0167125757659714,0.01817959382951024
81,Ben Chilwell,eng ENG,MF,Crystal Palace,27,1996,8,1,259,2.9,1,0,1,1,0,0,1,0,0.35,0.0,0.35,0.35,0.35,2,-1.6425853892424345,-2.119049724708538,0.9367675872254689
82,Hamza Choudhury,bd BAN,MF,Leicester City,26,1997,4,1,131,1.5,0,0,0,0,0,0,0,0,0.0,0.0,0.0,0.00,0.00,2,-3.0382665184221085,-1.0662980627493361,0.0231511879215463
83,Ryan Christie,sct SCO,MF,Bournemouth,29,1995,29,27,2117,23.5,2,3,5,2,0,0,9,0,0.09,0.13,0.21,0.09,0.21,3,1.3856729658602804,1.426630727069881,-0.7109880451139425
84,Harry Clarke,eng ENG,DF,Ipswich Town,23,2001,7,4,379,4.2,0,0,0,0,0,0,3,1,0.0,0.0,0.0,0.00,0.00,2,-2.3790393232590623,0.1232990115820852,2.031359746375839
85,Jack Clarke,eng ENG,MF,Ipswich Town,23,2000,32,12,1181,13.1,0,4,4,0,0,0,2,0,0.0,0.3,0.3,0.00,0.30,0,0.5468906052678842,-0.5711549437535949,-1.8233278958878698
86,Nathaniel Clyne,eng ENG,"DF,MF",Crystal Palace,33,1991,13,5,483,5.4,0,0,0,0,0,0,1,0,0.0,0.0,0.0,0.00,0.00,2,-2.472893899297578,-0.3886760997379501,-0.026619949074430986
87,Conor Coady,eng ENG,DF,Leicester City,31,1993,22,19,1714,19.0,1,0,1,1,0,0,3,0,0.05,0.0,0.05,0.05,0.05,3,-0.9871706943782873,0.8528122279823628,0.0618653860838296
88,Séamus Coleman,ie IRL,DF,Everton,35,1988,5,3,215,2.4,0,0,0,0,0,0,1,0,0.0,0.0,0.0,0.00,0.00,2,-2.859214272012175,-0.7980269744394901,0.013937763456571002
89,Nathan Collins,ie IRL,DF,Brentford,23,2001,38,38,3420,38.0,2,3,5,2,0,0,5,0,0.05,0.08,0.13,0.05,0.13,3,1.8169268270797627,2.3504697528156586,-0.7466829483576765
90,Toby Collyer,eng ENG,MF,Manchester Utd,20,2004,6,0,179,2.0,0,0,0,0,0,0,0,0,0.0,0.0,0.0,0.00,0.00,2,-2.9874199631475276,-1.021969690736869,0.019169721433437877
91,Levi Colwill,eng ENG,DF,Chelsea,21,2003,35,35,3149,35.0,2,1,3,2,0,0,9,0,0.06,0.03,0.09,0.06,0.09,3,1.2327043097461954,2.8832051726528825,-0.2089057524362544
92,Lewis Cook,eng ENG,"MF,DF",Bournemouth,27,1997,36,32,2978,33.1,1,3,4,1,0,0,8,1,0.03,0.09,0.12,0.03,0.12,3,1.6740719137544435,2.9284357400095145,1.1655919407251136
93,Vladimír Coufal,cz CZE,"DF,MF",West Ham United,31,1992,22,11,1067,11.9,0,0,0,0,0,0,5,0,0.0,0.0,0.0,0.00,0.00,2,-1.576253376790557,0.8631583046258156,-0.08001000989709066
94,Woyo Coulibaly,ml MLI,DF,Leicester City,25,1999,4,1,109,1.2,0,0,0,0,0,0,1,0,0.0,0.0,0.0,0.00,0.00,2,-2.9766098828036474,-0.9369761268100616,0.028065838634394824
95,Aaron Cresswell,eng ENG,DF,West Ham United,34,1989,18,10,824,9.2,0,0,0,0,0,0,3,0,0.0,0.0,0.0,0.00,0.00,2,-1.9406019630017126,0.33873204596537726,-0.06386377102120026
96,Marc Cucurella,es ESP,DF,Chelsea,26,1998,36,33,2988,33.2,5,1,6,5,0,0,10,1,0.15,0.03,0.18,0.15,0.18,3,2.1962379170248583,2.8416675293484124,2.2954706741146063
97,Jorge Cuenca,es ESP,DF,Fulham,24,1999,8,4,351,3.9,0,0,0,0,0,0,0,0,0.0,0.0,0.0,0.00,0.00,2,-2.765145115059207,-0.7600470590496131,-0.007597099762448593
98,Matheus Cunha,br BRA,MF,Wolves,25,1999,33,29,2597,28.9,15,6,21,15,0,0,4,0,0.52,0.21,0.73,0.52,0.73,1,5.770297821960867,-1.987259082715331,0.6253968147485532
99,Patson Daka,zm ZAM,"MF,FW",Leicester City,25,1998,23,6,736,8.2,1,0,1,1,0,0,0,0,0.12,0.0,0.12,0.12,0.12,2,-1.6139356705914627,-0.6159323446044406,0.29895079977733235
100,Diogo Dalot,pt POR,"MF,DF",Manchester Utd,25,1999,33,31,2814,31.3,0,3,3,0,0,0,5,0,0.0,0.1,0.1,0.00,0.10,3,0.8742535261219074,1.9896214945517994,-1.045999818402446
101,Mikkel Damsgaard,dk DEN,MF,Brentford,24,2000,38,34,2911,32.3,2,10,12,2,0,0,2,0,0.06,0.31,0.37,0.06,0.37,1,3.766956273965952,0.2520158935293387,-2.54658162467487
102,Kevin Danso,at AUT,DF,Tottenham Hotspur,25,1998,10,9,842,9.4,0,0,0,0,0,0,0,0,0.0,0.0,0.0,0.00,0.00,2,-2.416526681355183,-0.337104500116059,-0.049875007869933985
103,Ben Davies,wls WAL,DF,Tottenham Hotspur,31,1993,17,14,1331,14.8,0,0,0,0,0,0,5,0,0.0,0.0,0.0,0.00,0.00,2,-1.5699498259305846,0.9225108032327394,-0.08617074704177856
104,Leif Davis,eng ENG,DF,Ipswich Town,24,1999,33,32,2743,30.5,1,2,3,1,0,0,5,1,0.03,0.07,0.1,0.03,0.10,3,1.0043936241002633,2.4700469276609645,1.385611040896496
105,Craig Dawson,eng ENG,DF,Wolves,34,1990,15,10,971,10.8,0,0,0,0,0,0,2,0,0.0,0.0,0.0,0.00,0.00,2,-2.0566735525651474,0.1711768398354755,-0.06469063781995436
106,Kevin De Bruyne,be BEL,"MF,FW",Manchester City,33,1991,28,19,1702,18.9,4,7,11,4,0,0,2,0,0.21,0.37,0.58,0.21,0.58,1,2.971120966455284,-1.7797969146235564,-1.7018976874847453
107,Bobby De Cordova-Reid,jm JAM,"MF,FW",Leicester City,31,1993,23,9,744,8.3,1,2,3,1,0,0,2,0,0.12,0.24,0.36,0.12,0.36,0,-0.10366789164722066,-1.2762942458163835,-0.8925554664591203
108,Liam Delap,eng ENG,FW,Ipswich Town,21,2003,37,32,2593,28.8,12,2,14,10,2,2,12,0,0.42,0.07,0.49,0.35,0.42,1,4.331830792373964,0.7169432010675396,1.2334450603878764
109,Sepp van den Berg,nl NED,DF,Brentford,22,2001,31,29,2586,28.7,0,0,0,0,0,0,3,0,0.0,0.0,0.0,0.00,0.00,3,-0.47998038613676236,2.063139945609292,-0.23639050022909097
110,Justin Devenny,nir NIR,MF,Crystal Palace,20,2003,23,4,507,5.6,1,1,2,1,0,0,1,0,0.18,0.18,0.36,0.18,0.36,0,-0.6452382120300281,-1.6058501207089217,-0.358526888956395
111,Kiernan Dewsbury-Hall,eng ENG,MF,Chelsea,25,1998,13,2,264,2.9,0,1,1,0,0,0,0,0,0.0,0.34,0.34,0.00,0.34,0,-1.277154396827068,-2.076586188823477,-1.4406671294216968
112,Amad Diallo,ci CIV,"MF,FW",Manchester Utd,22,2002,26,20,1901,21.1,8,6,14,8,0,0,5,0,0.38,0.28,0.66,0.38,0.66,1,3.8231420791201365,-1.841528869945654,-0.473776027438085
113,Rúben Dias,pt POR,"DF,MF",Manchester City,27,1997,27,25,2271,25.2,0,0,0,0,0,0,4,0,0.0,0.0,0.0,0.00,0.00,3,-0.7408130425049718,1.8234413398839517,-0.1943758492531798
114,Luis Díaz,co COL,"FW,MF",Liverpool,27,1997,36,28,2399,26.7,13,5,18,13,0,0,2,0,0.49,0.19,0.68,0.49,0.68,1,4.916792082329169,-1.8833856698914275,0.5964658828570348
115,Tyler Dibling,eng ENG,"MF,FW",Southampton,18,2006,33,20,1874,20.8,2,0,2,2,0,0,6,0,0.1,0.0,0.1,0.10,0.10,3,-0.050511925608977416,1.4264508144529877,0.23573300002332423
116,Lucas Digne,fr FRA,DF,Aston Villa,31,1993,32,28,2351,26.1,0,4,4,0,0,0,4,0,0.0,0.15,0.15,0.00,0.15,3,0.9516449748260046,1.2837087480383844,-1.3476858091523363
117,Issa Diop,ma MAR,DF,Fulham,27,1997,21,15,1339,14.9,0,0,0,0,0,0,2,0,0.0,0.0,0.0,0.00,0.00,2,-1.621838139202862,0.6625372021070264,-0.11404477547897157
118,Axel Disasi,fr FRA,DF,Aston Villa,26,1998,7,5,490,5.4,0,0,0,0,0,0,2,0,0.0,0.0,0.0,0.00,0.00,2,-2.5892201351268582,-0.42408629780265733,-0.005301186925713124
119,Axel Disasi,fr FRA,DF,Chelsea,26,1998,6,4,364,4.0,1,0,1,1,0,0,1,0,0.25,0.0,0.25,0.25,0.25,2,-1.8761310344256024,-1.669017139125252,0.6868793891965069
120,Matt Doherty,ie IRL,"DF,MF",Wolves,32,1992,30,25,2109,23.4,2,1,3,2,0,0,6,0,0.09,0.04,0.13,0.09,0.13,3,0.4004640703113754,1.4224003901108824,-0.09723483443223714
121,Jeremy Doku,be BEL,"MF,FW",Manchester City,22,2002,29,16,1516,16.8,3,6,9,3,0,0,1,0,0.18,0.36,0.53,0.18,0.53,0,2.2659993715553695,-1.7597429972867022,-1.6712981132979898
122,Nicolás Domínguez,ar ARG,MF,Nottingham Forest,26,1998,34,23,1963,21.8,0,1,1,0,0,0,9,0,0.0,0.05,0.05,0.00,0.05,3,0.07225836303835423,2.2767855937667734,-0.5042053927453639
123,Patrick Dorgu,dk DEN,MF,Manchester Utd,19,2004,12,10,842,9.4,0,0,0,0,0,0,3,1,0.0,0.0,0.0,0.00,0.00,2,-1.9191282228895221,0.6568297825034911,1.977748744279335
124,Abdoulaye Doucouré,ml MLI,MF,Everton,31,1993,33,31,2564,28.5,3,2,5,3,0,0,5,1,0.11,0.07,0.18,0.11,0.18,3,1.4881474337103926,1.9152531775103094,1.7541800131778278
125,Cheick Doucouré,ml MLI,MF,Crystal Palace,24,2000,13,4,452,5.0,0,0,0,0,0,0,1,0,0.0,0.0,0.0,0.00,0.00,2,-2.5091195957519923,-0.4346711809962602,-0.021832032113112403
126,Flynn Downes,eng ENG,MF,Southampton,25,1999,27,25,2151,23.9,1,0,1,1,0,0,12,0,0.04,0.0,0.04,0.04,0.04,3,0.053108009332515194,2.65553843037711,0.021991564340391408
127,Tommy Doyle,eng ENG,MF,Wolves,22,2001,24,3,488,5.4,0,1,1,0,0,0,1,0,0.0,0.18,0.18,0.00,0.18,2,-1.3267531589195811,-0.8803858168257539,-0.8735028680952699
128,Radu Drăgușin,ro ROU,DF,Tottenham Hotspur,22,2002,16,14,1252,13.9,0,0,0,0,0,0,1,0,0.0,0.0,0.0,0.00,0.00,2,-1.9000084347830393,0.30913887498098636,-0.09669742147172043
129,Martin Dúbravka,sk SVK,GK,Newcastle United,35,1989,10,10,900,10.0,0,0,0,0,0,0,0,0,0.0,0.0,0.0,0.00,0.00,2,-2.371852432791898,-0.28032583954637497,-0.05566822201409133
130,Lewis Dunk,eng ENG,DF,Brighton,32,1991,25,23,2083,23.1,0,0,0,0,0,0,5,0,0.0,0.0,0.0,0.00,0.00,3,-0.8465027849584749,1.7604648643771488,-0.17018515044341637
131,Jáder Durán,co COL,FW,Aston Villa,20,2003,20,4,638,7.1,7,0,7,7,0,0,3,1,0.99,0.0,0.99,0.99,0.99,0,2.103049345476702,-3.5639397230975187,4.948211299702119
132,Ederson,br BRA,GK,Manchester City,30,1993,26,26,2320,25.8,0,4,4,0,0,0,4,0,0.0,0.16,0.16,0.00,0.16,3,0.7366924590893608,0.989549555939597,-1.3597238579257276
133,Odsonne Édouard,fr FRA,MF,Crystal Palace,26,1998,2,1,115,1.3,0,0,0,0,0,0,0,0,0.0,0.0,0.0,0.00,0.00,2,-3.1056254818970723,-1.1314598309602413,0.029574877944349487
134,Anthony Elanga,se SWE,"MF,FW",Nottingham Forest,22,2002,38,31,2501,27.8,6,11,17,6,0,0,1,0,0.22,0.4,0.61,0.22,0.61,1,5.151053159135785,-1.4397152330773801,-2.29043103684957
135,Harvey Elliott,eng ENG,MF,Liverpool,21,2003,18,2,371,4.1,1,2,3,1,0,0,1,0,0.24,0.49,0.73,0.24,0.73,0,0.5812652279606504,-3.3407255905568336,-1.5022587515251271
136,Julio Enciso,py PAR,MF,Ipswich Town,20,2004,13,12,869,9.7,2,3,5,2,0,0,3,0,0.21,0.31,0.52,0.21,0.52,0,0.6680322282848792,-2.018264391001629,-0.9798188483229004
137,Julio Enciso,py PAR,MF,Brighton,20,2004,12,2,294,3.3,0,0,0,0,0,0,0,0,0.0,0.0,0.0,0.00,0.00,2,-2.711327133126979,-0.7324972644557977,-0.009863348702578982
138,Wataru Endo,jp JPN,MF,Liverpool,31,1993,20,1,273,3.0,0,0,0,0,0,0,0,0,0.0,0.0,0.0,0.00,0.00,2,-2.49501407989928,-0.5394124314932361,-0.02875959746679557
139,Christian Eriksen,dk DEN,MF,Manchester Utd,32,1992,23,11,1061,11.8,1,2,3,0,1,1,4,0,0.08,0.17,0.25,0.00,0.17,0,-0.17178493825259716,-0.3921818451746353,-0.7341922834102976
140,Romain Esse,eng ENG,MF,Crystal Palace,19,2005,7,1,138,1.5,1,1,2,1,0,0,0,0,0.65,0.65,1.3,0.65,1.30,0,1.5636290680936837,-5.979747833183952,-0.9424480685945463
141,Pervis Estupiñán,ec ECU,DF,Brighton,26,1998,30,26,2402,26.7,1,1,2,1,0,0,5,0,0.04,0.04,0.07,0.04,0.07,3,0.12556494364269633,1.7123227046629388,-0.32114225172584937
142,Evanilson,br BRA,FW,Bournemouth,24,1999,31,28,2319,25.8,10,1,11,10,0,1,1,1,0.39,0.04,0.43,0.39,0.43,1,2.645558473728447,-0.29236885949508046,3.270353416047282
143,Jonny Evans,nir NIR,DF,Manchester Utd,36,1988,7,3,315,3.5,0,0,0,0,0,0,1,0,0.0,0.0,0.0,0.00,0.00,2,-2.7655709241985025,-0.6993162928154217,0.004386482198269377
144,Eberechi Eze,eng ENG,MF,Crystal Palace,26,1998,34,31,2588,28.8,8,8,16,7,1,2,1,0,0.28,0.28,0.56,0.24,0.52,1,4.476077612967332,-1.2716751442689123,-1.0977790451291294
145,Łukasz Fabiański,pl POL,GK,West Ham United,39,1985,14,13,1160,12.9,0,0,0,0,0,0,2,0,0.0,0.0,0.0,0.00,0.00,2,-1.9491333738533645,0.31811794944506055,-0.0797147995078875
146,Wout Faes,be BEL,DF,Leicester City,26,1998,34,30,2815,31.3,1,0,1,1,0,0,4,0,0.03,0.0,0.03,0.03,0.03,3,0.035053142017770274,2.2262386876789546,-0.09815230635574454
147,Abdul Fatawu Issahaku,gh GHA,"MF,FW",Leicester City,20,2004,11,6,579,6.4,0,2,2,0,0,0,0,0,0.0,0.31,0.31,0.00,0.31,0,-1.0121239402395887,-1.8218663114766789,-1.4861986601207602
148,João Félix,pt POR,MF,Chelsea,24,1999,12,3,369,4.1,1,1,2,1,0,0,2,0,0.24,0.24,0.49,0.24,0.49,0,-0.5969732635611261,-2.3446927521481546,-0.394680482562833
149,Evan Ferguson,ie IRL,FW,Brighton,19,2004,13,2,246,2.7,1,0,1,1,0,0,0,0,0.37,0.0,0.37,0.37,0.37,2,-1.4760622629762872,-2.1550129202313495,0.9631336381188562
150,Evan Ferguson,ie IRL,FW,West Ham United,19,2004,8,1,156,1.7,0,0,0,0,0,0,0,0,0.0,0.0,0.0,0.00,0.00,2,-2.90573895683374,-0.9387702691119566,0.010564440478898159
151,Bruno Fernandes,pt POR,MF,Manchester Utd,29,1994,36,35,3018,33.5,8,10,18,5,3,3,5,2,0.24,0.3,0.54,0.15,0.45,1,5.8698690121746,0.5671506110021692,2.4817247029425826
152,Mateus Fernandes,pt POR,MF,Southampton,20,2004,36,34,2909,32.3,2,4,6,2,0,0,8,0,0.06,0.12,0.19,0.06,0.19,3,2.1023249322475426,2.1005056265946696,-0.9595748657536415
153,Enzo Fernández,ar ARG,MF,Chelsea,23,2001,36,32,2947,32.7,6,7,13,6,0,0,8,0,0.18,0.21,0.4,0.18,0.40,1,4.075844499301336,0.7669271563354183,-1.0918158441298635
154,Mark Flekken,nl NED,GK,Brentford,31,1993,37,37,3275,36.4,0,2,2,0,0,0,1,0,0.0,0.05,0.05,0.00,0.05,3,0.6266381956444743,2.193191729226624,-0.7843599576953262
155,Phil Foden,eng ENG,"MF,FW",Manchester City,24,2000,28,20,1777,19.7,7,2,9,7,0,0,2,0,0.35,0.1,0.46,0.35,0.46,0,1.862812648723843,-1.1401525510528296,0.5984156409219227
156,Wesley Fofana,fr FRA,DF,Chelsea,23,2000,14,14,1172,13.0,0,0,0,0,0,0,7,0,0.0,0.0,0.0,0.00,0.00,2,-1.5761497496063763,1.0470673665973376,-0.06331768674342007
157,Carlos Forbs,pt POR,MF,Wolves,20,2004,10,1,239,2.7,0,0,0,0,0,0,2,0,0.0,0.0,0.0,0.00,0.00,2,-2.6803337856742737,-0.5706321362979653,0.009837163463454819
158,Fraser Forster,eng ENG,GK,Tottenham Hotspur,36,1988,7,7,630,7.0,0,0,0,0,0,0,0,0,0.0,0.0,0.0,0.00,0.00,2,-2.629443095984522,-0.5771606850687819,-0.025972252059844374
159,Ryan Fraser,sct SCO,"MF,DF",Southampton,30,1994,8,4,306,3.4,0,0,0,0,0,0,0,1,0.0,0.0,0.0,0.00,0.00,2,-2.5763274209697054,-0.29079651060332184,2.018877233888014
160,Tyler Fredricson,eng ENG,DF,Manchester Utd,19,2005,2,2,165,1.8,0,0,0,0,0,0,0,0,0.0,0.0,0.0,0.00,0.00,2,-3.063454508032712,-1.0778763050013345,0.024079529632144325
161,Niclas Füllkrug,de GER,FW,West Ham United,31,1993,18,6,790,8.8,3,2,5,3,0,0,2,0,0.34,0.23,0.57,0.34,0.57,0,0.6037778652647798,-2.4295823669986696,-0.13531532394691387
162,Cody Gakpo,nl NED,MF,Liverpool,25,1999,35,23,1935,21.5,10,4,14,10,0,0,5,0,0.47,0.19,0.65,0.47,0.65,1,4.007269378950821,-1.4658983497071874,0.4874946864655282
163,Idrissa Gana Gueye,sn SEN,MF,Everton,34,1989,37,35,3063,34.0,0,3,3,0,0,0,9,0,0.0,0.09,0.09,0.00,0.09,3,1.4222814414813134,2.9317386995636676,-1.027135950215942
164,Andrés García,es ESP,"DF,MF",Aston Villa,21,2003,7,5,318,3.5,0,0,0,0,0,0,0,0,0.0,0.0,0.0,0.00,0.00,2,-2.780121823234747,-0.7689988041721978,-0.007088110888699976
165,Alejandro Garnacho,ar ARG,MF,Manchester Utd,20,2004,36,23,2199,24.4,6,2,8,6,0,0,3,0,0.25,0.08,0.33,0.25,0.33,3,1.856296302807721,0.03930671447886222,0.30275122124726955
166,James Garner,eng ENG,"MF,DF",Everton,23,2001,21,17,1594,17.7,0,1,1,0,0,0,5,0,0.0,0.06,0.06,0.00,0.06,3,-0.8469555501440993,0.9550417548580727,-0.48510808711253267
167,Tyrique George,eng ENG,FW,Chelsea,18,2006,8,1,183,2.0,1,1,2,1,0,0,1,0,0.49,0.49,0.98,0.49,0.98,0,0.6659315852027832,-4.596868205480209,-0.7212945514307535
168,Morgan Gibbs-White,eng ENG,MF,Nottingham Forest,24,2000,34,34,2803,31.1,7,8,15,7,0,0,11,1,0.22,0.26,0.48,0.22,0.48,1,5.101652715773918,1.1578655696759634,0.7976394504273495
169,Billy Gilmour,sct SCO,MF,Brighton,23,2001,2,1,98,1.1,0,0,0,0,0,0,0,0,0.0,0.0,0.0,0.00,0.00,2,-3.1109449406322875,-1.1382494920081434,0.030207842837247978
170,Ben Godfrey,eng ENG,DF,Ipswich Town,26,1998,3,2,159,1.8,0,0,0,0,0,0,1,0,0.0,0.0,0.0,0.00,0.00,2,-2.965615115977844,-0.91277835034583,0.025484469501639073
171,João Gomes,br BRA,MF,Wolves,23,2001,36,35,2974,33.0,3,1,4,3,0,0,11,1,0.09,0.03,0.12,0.09,0.12,3,1.803883799843293,3.4178959199982133,1.9827306691927937
172,Rodrigo Gomes,pt POR,MF,Wolves,21,2003,25,7,810,9.0,2,0,2,2,0,0,0,0,0.22,0.0,0.22,0.22,0.22,2,-1.0485822750452785,-0.9384519384492565,0.6104125283784063
173,Toti Gomes,pt POR,DF,Wolves,25,1999,31,30,2614,29.0,0,1,1,0,0,0,7,0,0.0,0.03,0.03,0.00,0.03,3,0.16131912754885008,2.4841842129495304,-0.4774420793217946
174,Diego Gómez,py PAR,MF,Brighton,21,2003,16,4,516,5.7,1,0,1,1,0,0,0,0,0.17,0.0,0.17,0.17,0.17,2,-1.8122475718151125,-1.1597397315874107,0.4552601415151599
175,Joe Gomez,eng ENG,DF,Liverpool,27,1997,9,6,519,5.8,0,0,0,0,0,0,1,0,0.0,0.0,0.0,0.00,0.00,2,-2.559808484310565,-0.458227057326604,-0.019938115462922283
176,Nicolás González,es ESP,MF,Manchester City,22,2002,11,9,760,8.4,1,0,1,1,0,0,3,0,0.12,0.0,0.12,0.12,0.12,2,-1.695341886847619,-0.443808462426828,0.3344104508722966
177,Anthony Gordon,eng ENG,"FW,MF",Newcastle United,23,2001,34,28,2434,27.0,6,5,11,5,1,2,2,0,0.22,0.18,0.41,0.18,0.37,1,2.889941641608427,-0.36858319226559544,-0.5888790691796579
178,Ryan Gravenberch,nl NED,MF,Liverpool,22,2002,37,37,3160,35.1,0,4,4,0,0,0,6,1,0.0,0.11,0.11,0.00,0.11,3,1.799955403483463,2.9726539045938156,0.7596834193230451
179,Archie Gray,eng ENG,"DF,MF",Tottenham Hotspur,18,2006,28,19,1751,19.5,0,0,0,0,0,0,1,0,0.0,0.0,0.0,0.00,0.00,3,-1.237124655994519,1.0291340634720683,-0.16841298720565168
180,Jack Grealish,eng ENG,"MF,FW",Manchester City,28,1995,20,7,721,8.0,1,1,2,1,0,0,3,0,0.12,0.12,0.25,0.12,0.25,2,-0.8213982898387129,-0.7983970212030439,-0.27530203639961576
181,Jacob Greaves,eng ENG,DF,Ipswich Town,23,2000,25,25,2205,24.5,1,0,1,1,0,0,5,0,0.04,0.0,0.04,0.04,0.04,3,-0.47213178781038556,1.651574197178119,-0.0028597093912466846
182,Brajan Gruda,de GER,"MF,FW",Brighton,20,2004,21,8,687,7.6,1,4,5,1,0,0,0,0,0.13,0.52,0.66,0.13,0.66,0,1.1244888784006306,-2.913771586308817,-2.203301450451177
183,Albert Grønbaek,dk DEN,"MF,FW",Southampton,23,2001,4,2,143,1.6,0,0,0,0,0,0,0,0,0.0,0.0,0.0,0.00,0.00,2,-3.00798609937764,-1.0278914261916225,0.019070702311114247
184,Gonçalo Guedes,pt POR,"MF,FW",Wolves,27,1996,29,10,995,11.1,2,4,6,2,0,0,1,0,0.18,0.36,0.54,0.18,0.54,0,1.332620092553051,-1.9840643901999815,-1.4329737455651896
185,Marc Guéhi,eng ENG,DF,Crystal Palace,24,2000,34,34,3059,34.0,3,2,5,3,0,0,9,1,0.09,0.06,0.15,0.09,0.15,3,1.9363718714464422,2.90705481645432,1.7280790100814571
186,Luis Guilherme,br BRA,MF,West Ham United,18,2006,12,1,150,1.7,0,0,0,0,0,0,0,0,0.0,0.0,0.0,0.00,0.00,2,-2.782911584703705,-0.8236236220913398,-0.0008680768649351126
187,Bruno Guimarães,br BRA,MF,Newcastle United,26,1997,38,38,3271,36.3,5,6,11,5,0,0,7,0,0.14,0.17,0.3,0.14,0.30,1,3.6542232621505257,1.4898398956837926,-1.028125400596746
188,İlkay Gündoğan,de GER,MF,Manchester City,33,1990,33,25,2223,24.7,1,6,7,1,0,0,1,0,0.04,0.24,0.28,0.04,0.28,3,1.7089831385674783,0.054879768660759616,-1.7874296288018328
189,Malo Gusto,fr FRA,DF,Chelsea,21,2003,32,19,1862,20.7,0,1,1,0,0,0,4,0,0.0,0.05,0.05,0.00,0.05,3,-0.4705031272995295,1.3526770011556049,-0.500559729182953
190,Joško Gvardiol,hr CRO,DF,Manchester City,22,2002,37,36,3277,36.4,5,0,5,5,0,0,2,0,0.14,0.0,0.14,0.14,0.14,3,1.2859851966222813,1.7080171678016838,0.44199911526549024
191,Erling Haaland,no NOR,FW,Manchester City,24,2000,31,31,2736,30.4,22,3,25,19,3,4,2,0,0.72,0.1,0.82,0.62,0.72,1,6.357262856521625,-2.875561877561488,2.505972713701353
192,Lewis Hall,eng ENG,DF,Newcastle United,19,2004,27,24,2189,24.3,0,4,4,0,0,0,3,0,0.0,0.16,0.16,0.00,0.16,3,0.6052858879003596,0.7612785507807835,-1.3545884300569317
193,Ali Al Hamadi,iq IRQ,FW,Ipswich Town,22,2002,11,0,134,1.5,0,0,0,0,0,0,3,0,0.0,0.0,0.0,0.00,0.00,2,-2.6399979250146806,-0.47868790709237935,0.01856187986586206
194,Jack Harrison,eng ENG,"MF,FW",Everton,27,1996,34,24,2076,23.1,1,0,1,1,0,0,0,0,0.04,0.0,0.04,0.04,0.04,3,-0.6011399411821328,1.1403676817952968,-0.04112634697845696
195,Taylor Harwood-Bellis,eng ENG,DF,Southampton,22,2002,34,32,2825,31.4,1,0,1,1,0,0,9,0,0.03,0.0,0.03,0.03,0.03,3,0.43393645458610897,2.9880032558200846,-0.08531441399579273
196,Kai Havertz,de GER,FW,Arsenal,25,1999,23,21,1875,20.8,9,3,12,9,0,0,5,0,0.43,0.14,0.58,0.43,0.58,1,2.9027401577316017,-1.4641125172844172,0.6855591217768913
197,Ayden Heaven,eng ENG,DF,Manchester Utd,17,2006,4,2,170,1.9,0,0,0,0,0,0,1,0,0.0,0.0,0.0,0.00,0.00,2,-2.9309969062282653,-0.878999290761336,0.022160924803255377
198,Jan Paul van Hecke,nl NED,DF,Brighton,24,2000,34,33,2958,32.9,1,1,2,1,0,0,8,1,0.03,0.03,0.06,0.03,0.06,3,0.9682868577635413,3.247664064964129,1.6740457578379628
199,Hwang Hee-chan,kr KOR,"MF,FW",Wolves,28,1996,21,5,661,7.3,2,0,2,2,0,0,0,0,0.27,0.0,0.27,0.27,0.27,2,-1.1311489922002997,-1.3657452572775515,0.7553363733193097
200,Dean Henderson,eng ENG,GK,Crystal Palace,27,1997,38,38,3420,38.0,0,0,0,0,0,0,3,0,0.0,0.0,0.0,0.00,0.00,3,0.23794901346076822,2.904458387019495,-0.3205440492287898
201,Rico Henry,jm JAM,"DF,MF",Brentford,27,1997,5,0,99,1.1,0,0,0,0,0,0,0,0,0.0,0.0,0.0,0.00,0.00,2,-3.0436289171753312,-1.0833067863393184,0.025062358932409545
202,Mads Hermansen,dk DEN,GK,Leicester City,24,2000,27,27,2385,26.5,0,0,0,0,0,0,1,0,0.0,0.0,0.0,0.00,0.00,3,-0.8577122871746444,1.5218742090138875,-0.21817437010844615
203,Son Heung-min,kr KOR,"FW,MF",Tottenham Hotspur,32,1992,30,24,2110,23.4,7,9,16,6,1,2,1,0,0.3,0.38,0.68,0.26,0.64,1,4.478995158790713,-2.2540329392956764,-1.5958438758111784
204,James Hill,eng ENG,DF,Bournemouth,22,2002,10,6,448,5.0,0,1,1,0,0,0,1,0,0.0,0.2,0.2,0.00,0.20,2,-1.6264480500753713,-1.2833915373422078,-0.9180059463585484
205,Jack Hinshelwood,eng ENG,"MF,DF",Brighton,19,2005,26,22,1842,20.5,5,2,7,5,0,0,5,0,0.24,0.1,0.34,0.24,0.34,3,1.4150357597159318,-0.11596534570729404,0.17425735996961983
206,George Hirst,sct SCO,FW,Ipswich Town,25,1999,26,5,661,7.3,3,1,4,3,0,0,3,0,0.41,0.14,0.54,0.41,0.54,0,0.49933059188415096,-1.9761924763547503,0.5009146217153014
207,Callum Hudson-Odoi,eng ENG,MF,Nottingham Forest,23,2000,31,25,2194,24.4,5,2,7,5,0,0,2,0,0.21,0.08,0.29,0.21,0.29,3,1.4002160498824405,0.04434466033441473,0.1270091211750506
208,Will Hughes,eng ENG,MF,Crystal Palace,29,1995,33,24,2108,23.4,0,3,3,0,0,0,11,0,0.0,0.13,0.13,0.00,0.13,3,0.9834726210478437,2.1862976216806933,-1.0835348156669857
209,Dean Huijsen,es ESP,DF,Bournemouth,19,2005,32,26,2427,27.0,3,2,5,3,0,0,10,0,0.11,0.07,0.19,0.11,0.19,3,1.4343385646271898,1.8504524968359193,-0.22191481565802268
210,Omari Hutchinson,eng ENG,MF,Ipswich Town,20,2003,31,30,2583,28.7,3,2,5,3,0,0,5,0,0.1,0.07,0.17,0.10,0.17,3,1.1739536525244214,1.3798356218362477,-0.28595517197298576
211,Rasmus Højlund,dk DEN,FW,Manchester Utd,21,2003,32,23,2004,22.3,4,0,4,4,0,0,2,0,0.18,0.0,0.18,0.18,0.18,3,0.3306941260308697,0.5477049032394764,0.5647940575750163
212,Igor,br BRA,DF,Brighton,26,1998,13,10,961,10.7,0,0,0,0,0,0,4,0,0.0,0.0,0.0,0.00,0.00,2,-1.9850737779349095,0.3846285348204789,-0.05029930782115555
213,Danny Ings,eng ENG,FW,West Ham United,32,1992,15,1,284,3.2,1,2,3,1,0,0,0,0,0.32,0.63,0.95,0.32,0.95,0,1.0803305517044632,-4.463472839031065,-1.8292242579067302
214,Tim Iroegbunam,eng ENG,MF,Everton,21,2003,18,5,574,6.4,0,1,1,0,0,0,4,0,0.0,0.16,0.16,0.00,0.16,2,-1.297939120914199,-0.4643277206263548,-0.7783148100643085
215,Andy Irving,sct SCO,MF,West Ham United,24,2000,10,1,166,1.8,0,0,0,0,0,0,2,0,0.0,0.0,0.0,0.00,0.00,2,-2.7031761673019616,-0.5997877396213097,0.012555189180018918
216,Alexander Isak,se SWE,FW,Newcastle United,24,1999,34,34,2756,30.6,23,6,29,19,4,4,1,0,0.75,0.2,0.95,0.62,0.82,1,7.753273938266937,-3.5717215381280374,1.8403183901307147
217,Alex Iwobi,ng NGA,MF,Fulham,28,1996,38,35,2981,33.1,9,6,15,9,0,0,1,0,0.27,0.18,0.45,0.27,0.45,1,4.168066584485708,-0.3992302470724121,-0.42263091122292207
218,Nicolas Jackson,sn SEN,FW,Chelsea,23,2001,30,28,2220,24.7,10,5,15,10,0,0,7,1,0.41,0.2,0.61,0.41,0.61,1,4.518196779143152,-0.46353845944319744,2.1869038515294283
219,Reece James,eng ENG,"DF,MF",Chelsea,24,1999,19,12,1063,11.8,1,1,2,1,0,0,1,0,0.08,0.08,0.17,0.08,0.17,2,-1.0028870633866944,-0.499985032640937,-0.2560694272053541
220,Vitaly Janelt,de GER,MF,Brentford,26,1998,32,27,2254,25.0,1,3,4,1,0,0,3,0,0.04,0.12,0.16,0.04,0.16,3,0.777521683981004,1.0245877737404465,-0.9126433095196566
221,Daniel Jebbison,ca CAN,FW,Bournemouth,20,2003,16,0,119,1.3,1,0,1,1,0,0,1,0,0.76,0.0,0.76,0.76,0.76,0,-0.30064509383873517,-3.474199688495605,1.910015080411046
222,Mathias Jensen,dk DEN,MF,Brentford,28,1996,24,8,862,9.6,0,2,2,0,0,0,2,0,0.0,0.21,0.21,0.00,0.21,2,-0.6767069096426627,-0.6010219073599378,-1.1542584508948621
223,Gabriel Jesus,br BRA,FW,Arsenal,27,1997,17,6,608,6.8,3,0,3,3,0,0,4,0,0.44,0.0,0.44,0.44,0.44,0,-0.319892097806493,-1.6190861827779368,1.2740266005084246
224,Raúl Jiménez,mx MEX,FW,Fulham,33,1991,38,30,2494,27.7,12,3,15,9,3,3,4,0,0.43,0.11,0.54,0.32,0.43,1,4.1257212669753764,-0.7163323145142664,0.9421099796874053
225,João Pedro,br BRA,"FW,MF",Brighton,22,2001,27,23,1948,21.6,10,6,16,5,5,5,4,1,0.46,0.28,0.74,0.23,0.51,1,4.649249607228219,-1.7931039547679786,1.8896328271318843
226,Joelinton,br BRA,"MF,FW",Newcastle United,27,1996,29,29,2393,26.6,4,3,7,4,0,0,10,0,0.15,0.11,0.26,0.15,0.26,3,2.0465396408298515,1.4262390264637537,-0.3364167536699687
227,Ben Johnson,eng ENG,"MF,DF",Ipswich Town,24,2000,23,14,1354,15.0,1,2,3,1,0,0,5,1,0.07,0.13,0.2,0.07,0.20,3,0.10312703086267247,0.6405588314322305,1.400575227947694
228,Brennan Johnson,wls WAL,"FW,MF",Tottenham Hotspur,23,2001,33,24,2177,24.2,11,3,14,11,0,0,5,0,0.45,0.12,0.58,0.45,0.58,1,3.7149804575834753,-1.1023985236584548,0.9238880629618208
229,Sam Johnstone,eng ENG,GK,Wolves,31,1993,7,7,630,7.0,0,0,0,0,0,0,0,0,0.0,0.0,0.0,0.00,0.00,2,-2.629443095984522,-0.5771606850687819,-0.025972252059844374
230,Curtis Jones,eng ENG,"MF,DF",Liverpool,23,2001,33,19,1712,19.0,3,3,6,3,0,0,3,1,0.16,0.16,0.32,0.16,0.32,3,1.4489594892522202,0.30677300578538796,1.4613501240970679
231,Jorginho,it ITA,MF,Arsenal,32,1991,15,9,704,7.8,0,0,0,0,0,0,5,0,0.0,0.0,0.0,0.00,0.00,2,-1.9611239295163279,0.44525095591596797,-0.03882911979110526
232,Diogo Jota,pt POR,FW,Liverpool,27,1996,26,14,1196,13.3,6,3,9,6,0,0,2,0,0.45,0.23,0.68,0.45,0.68,0,2.240787568498217,-2.4628420416352648,0.17157504471707655
233,James Justin,eng ENG,"DF,MF",Leicester City,26,1998,36,34,2912,32.4,2,2,4,2,0,0,6,0,0.06,0.06,0.12,0.06,0.12,3,1.2894235547927941,2.193808593390309,-0.46440576902484165
234,Filip Jørgensen,dk DEN,GK,Chelsea,22,2002,6,6,540,6.0,0,0,0,0,0,0,0,0,0.0,0.0,0.0,0.00,0.00,2,-2.715306650382063,-0.6761056335762508,-0.01607359540842867
235,Ferdi Kadioglu,tr TUR,"DF,MF",Brighton,24,1999,6,5,385,4.3,1,0,1,1,0,0,1,0,0.23,0.0,0.23,0.23,0.23,2,-1.8997594778483806,-1.553810748354106,0.6342826831739334
236,Daichi Kamada,jp JPN,MF,Crystal Palace,27,1996,34,15,1564,17.4,0,0,0,0,0,0,4,1,0.0,0.0,0.0,0.00,0.00,3,-0.8061629504424003,1.897855399335658,1.8726858963602218
237,Boubacar Kamara,fr FRA,"MF,DF",Aston Villa,24,1999,26,20,1726,19.2,1,0,1,1,0,0,2,0,0.05,0.0,0.05,0.05,0.05,3,-0.9007260882200941,0.8706533063998638,0.04203346408062022
238,Michael Kayode,it ITA,DF,Brentford,20,2004,12,6,528,5.9,0,1,1,0,0,0,2,0,0.0,0.17,0.17,0.00,0.17,2,-1.5750900378040908,-0.9398530984335324,-0.8088864603402601
239,Michael Keane,eng ENG,DF,Everton,31,1993,14,11,1049,11.7,3,0,3,3,0,0,5,0,0.26,0.0,0.26,0.26,0.26,2,-0.584784943654862,-0.5660863565294326,0.8186456772621097
240,Caoimhín Kelleher,ie IRL,GK,Liverpool,25,1998,10,10,900,10.0,0,0,0,0,0,0,0,0,0.0,0.0,0.0,0.00,0.00,2,-2.371852432791898,-0.28032583954637497,-0.05566822201409133
241,Lloyd Kelly,eng ENG,DF,Newcastle United,25,1998,10,4,303,3.4,0,1,1,0,0,0,2,0,0.0,0.3,0.3,0.00,0.30,2,-1.3077709774930908,-1.6527794576355244,-1.2806795114935245
242,Milos Kerkez,hu HUN,DF,Bournemouth,20,2003,38,38,3336,37.1,2,5,7,2,0,0,4,0,0.05,0.13,0.19,0.05,0.19,3,2.3640046951411913,1.8487260589600387,-1.2131791848889897
243,Bilal El Khannouss,ma MAR,MF,Leicester City,20,2004,32,27,2182,24.2,2,3,5,2,0,0,4,0,0.08,0.12,0.21,0.08,0.21,3,1.1197367579517903,0.8931476013408193,-0.7246886833718258
244,Abdukodir Khusanov,uz UZB,DF,Manchester City,20,2004,6,6,503,5.6,0,0,0,0,0,0,1,0,0.0,0.0,0.0,0.00,0.00,2,-2.6583436548240855,-0.5527745750321841,-0.010600446260669742
245,Max Kilman,eng ENG,DF,West Ham United,27,1997,38,38,3348,37.2,0,1,1,0,0,0,5,0,0.0,0.03,0.03,0.00,0.03,3,0.6843508043327325,2.975732424845643,-0.5624296579095468
246,Joshua King,eng ENG,MF,Fulham,17,2007,8,1,130,1.4,0,0,0,0,0,0,0,0,0.0,0.0,0.0,0.00,0.00,2,-2.9138745996052458,-0.9491544565969834,0.011532504432742903
247,Antonín Kinský,cz CZE,GK,Tottenham Hotspur,21,2003,6,6,540,6.0,0,0,0,0,0,0,0,0,0.0,0.0,0.0,0.00,0.00,2,-2.715306650382063,-0.6761056335762508,-0.01607359540842867
248,Jakub Kiwior,pl POL,DF,Arsenal,24,2000,17,10,1122,12.5,1,0,1,1,0,0,1,0,0.08,0.0,0.08,0.08,0.08,2,-1.6190173325819346,-0.2191068463647595,0.19526117798490789
249,Justin Kluivert,nl NED,MF,Bournemouth,25,1999,34,29,2340,26.0,12,6,18,6,6,6,8,0,0.46,0.23,0.69,0.23,0.46,1,5.385670760867508,-1.1296368320174708,0.17968435668290966
250,Ibrahima Konaté,fr FRA,DF,Liverpool,25,1999,31,30,2560,28.4,1,2,3,1,0,0,5,0,0.04,0.07,0.11,0.04,0.11,3,0.6571916962738994,1.7471330606469162,-0.595188223783825
251,Ezri Konsa,eng ENG,DF,Aston Villa,26,1997,34,33,2936,32.6,2,0,2,2,0,0,1,0,0.06,0.0,0.06,0.06,0.06,3,0.20165229045129474,1.7728395088265414,0.029199561362378113
252,Mateo Kovačić,hr CRO,"MF,DF",Manchester City,30,1994,31,25,2198,24.4,6,2,8,6,0,0,5,1,0.25,0.08,0.33,0.25,0.33,3,2.0931332686216932,0.7226467373319752,2.343080854344194
253,Emil Krafth,se SWE,DF,Newcastle United,29,1994,12,2,342,3.8,0,0,0,0,0,0,2,0,0.0,0.0,0.0,0.00,0.00,2,-2.559226202852423,-0.437109344553308,-0.0034595043443325585
254,Mohammed Kudus,gh GHA,"MF,FW",West Ham United,23,2000,32,31,2590,28.8,5,3,8,5,0,0,2,1,0.17,0.1,0.28,0.17,0.28,3,2.1139588301175003,0.9133074556875268,1.8032143902087396
255,Dejan Kulusevski,se SWE,"MF,FW",Tottenham Hotspur,24,2000,32,27,2389,26.5,7,4,11,7,0,0,3,0,0.26,0.15,0.41,0.26,0.41,1,2.7937596430870513,-0.37354200061994225,-0.14379674501664086
256,Maxence Lacroix,fr FRA,DF,Crystal Palace,24,2000,35,35,3116,34.6,1,1,2,1,0,0,5,0,0.03,0.03,0.06,0.03,0.06,3,0.6934332167055582,2.5058327433161014,-0.37910384261822194
257,Adam Lallana,eng ENG,MF,Southampton,36,1988,14,5,361,4.0,0,2,2,0,0,0,4,0,0.0,0.5,0.5,0.00,0.50,0,-0.07690982854497705,-2.028434096688944,-2.187735013980272
258,Tariq Lamptey,gh GHA,"DF,MF",Brighton,23,2000,15,10,860,9.6,2,2,4,2,0,0,0,0,0.21,0.21,0.42,0.21,0.42,0,-0.10694596948561443,-2.0008043385584013,-0.4719687586851302
259,Roméo Lavia,be BEL,MF,Chelsea,20,2004,16,11,797,8.9,0,1,1,0,0,0,4,0,0.0,0.11,0.11,0.00,0.11,2,-1.3056393605082746,-0.04117283833660149,-0.6128743445765514
260,Mario Lemina,ga GAB,"MF,DF",Wolves,30,1993,17,15,1364,15.2,1,3,4,1,0,0,4,0,0.07,0.2,0.26,0.07,0.26,0,0.13249997332838842,-0.4366609514947634,-1.0214158706335232
261,Bernd Leno,de GER,GK,Fulham,32,1992,38,38,3420,38.0,0,1,1,0,0,0,5,0,0.0,0.03,0.03,0.00,0.03,3,0.7068802766230547,3.0044886363426397,-0.5651104503971168
262,Jefferson Lerma,co COL,"MF,DF",Crystal Palace,29,1994,33,26,2274,25.3,0,1,1,0,0,0,9,0,0.0,0.04,0.04,0.00,0.04,3,0.18311755096354315,2.510688185421594,-0.48582848069665874
263,Rico Lewis,eng ENG,"DF,MF",Manchester City,19,2004,28,21,1893,21.0,1,2,3,1,0,0,5,1,0.05,0.1,0.14,0.05,0.14,3,0.4389930503056776,1.4419177589915777,1.4041072299848414
264,Keane Lewis-Potter,eng ENG,"DF,MF",Brentford,23,2001,38,36,3093,34.4,1,3,4,1,0,0,7,0,0.03,0.09,0.12,0.03,0.12,3,1.6070716743014684,2.542261300844153,-0.8879469444388248
265,Myles Lewis-Skelly,eng ENG,DF,Arsenal,17,2006,23,15,1369,15.2,1,0,1,1,0,0,3,2,0.07,0.0,0.07,0.07,0.07,3,-0.7075279616697391,1.5111931923085913,4.184110416399994
266,Matthijs de Ligt,nl NED,DF,Manchester Utd,24,1999,29,25,2123,23.6,2,0,2,2,0,0,3,0,0.08,0.0,0.08,0.08,0.08,3,-0.22702176340381783,1.235305613862044,0.15948172803295504
267,Victor Lindelöf,se SWE,DF,Manchester Utd,30,1994,16,6,704,7.8,0,0,0,0,0,0,1,0,0.0,0.0,0.0,0.00,0.00,2,-2.283686807628031,-0.17863932298965018,-0.047224117082963146
268,Jesper Lindstrøm,dk DEN,MF,Everton,24,2000,25,15,1239,13.8,0,1,1,0,0,0,2,0,0.0,0.07,0.07,0.00,0.07,2,-1.0571505439231335,0.41101143761281056,-0.5265089205112921
269,Valentino Livramento,eng ENG,DF,Newcastle United,21,2002,37,32,2840,31.6,0,1,1,0,0,0,1,0,0.0,0.03,0.03,0.00,0.03,3,0.06090104777395406,1.989337795241663,-0.5351811559260281
270,Sean Longstaff,eng ENG,MF,Newcastle United,26,1997,25,8,798,8.9,0,0,0,0,0,0,2,0,0.0,0.0,0.0,0.00,0.00,2,-1.852095811535984,0.328711679541068,-0.08012170727347355
271,Saša Lukić,rs SRB,MF,Fulham,27,1996,30,28,2344,26.0,0,2,2,0,0,0,12,0,0.0,0.08,0.08,0.00,0.08,3,0.736871431603611,2.717619360276145,-0.7653746520801571
272,Joe Lumley,eng ENG,GK,Southampton,29,1995,3,3,270,3.0,0,0,0,0,0,0,0,0,0.0,0.0,0.0,0.00,0.00,2,-2.972897313574687,-0.9729404790986578,0.013622374545818279
273,Massimo Luongo,au AUS,MF,Ipswich Town,31,1992,11,2,201,2.2,0,0,0,0,0,0,0,0,0.0,0.0,0.0,0.00,0.00,2,-2.771603908540536,-0.7990264538007608,-0.003486679226684935
274,Ian Maatsen,nl NED,DF,Aston Villa,22,2002,29,10,1139,12.7,1,2,3,1,0,0,2,0,0.08,0.16,0.24,0.08,0.24,0,-0.1587834867290226,-0.4563101533999984,-0.7211941751620743
275,Alexis Mac Allister,ar ARG,MF,Liverpool,25,1998,35,30,2599,28.9,5,5,10,5,0,0,6,0,0.17,0.17,0.35,0.17,0.35,1,2.9535979702721966,0.6460469347506248,-0.7541041278843463
276,James Maddison,eng ENG,MF,Tottenham Hotspur,27,1996,31,21,1809,20.1,9,7,16,9,0,0,6,0,0.45,0.35,0.8,0.45,0.80,1,4.884807917926562,-2.2234034405349,-0.6375832339280892
277,Noni Madueke,eng ENG,MF,Chelsea,22,2002,32,27,2033,22.6,7,3,10,7,0,0,3,0,0.31,0.13,0.44,0.31,0.44,1,2.5271824841076604,-0.5607873765565082,0.2047250007275987
278,Gabriel Magalhães,br BRA,DF,Arsenal,26,1997,28,28,2363,26.3,3,1,4,3,0,0,4,0,0.11,0.04,0.15,0.11,0.15,3,0.5865058643261439,1.1380599951803612,0.01099793118796064
279,Edmond-Paris Maghoma,eng ENG,MF,Brentford,23,2001,8,0,119,1.3,0,0,0,0,0,0,0,0,0.0,0.0,0.0,0.00,0.00,2,-2.943842109312348,-0.9871617013283498,0.015575756814180892
280,Harry Maguire,eng ENG,DF,Manchester Utd,31,1993,27,19,1758,19.5,1,0,1,1,0,0,7,0,0.05,0.0,0.05,0.05,0.05,3,-0.5433590841793994,1.5697484402906647,0.0620393068107651
281,Kobbie Mainoo,eng ENG,MF,Manchester Utd,19,2005,25,19,1651,18.3,0,0,0,0,0,0,5,0,0.0,0.0,0.0,0.00,0.00,3,-1.0877816466847332,1.4534718568289755,-0.1395656480679811
282,Tyrell Malacia,nl NED,MF,Manchester Utd,24,1999,3,2,100,1.1,0,0,0,0,0,0,1,0,0.0,0.0,0.0,0.00,0.00,2,-2.9840767668824135,-0.9363424681003139,0.027681230012286784
283,Donyell Malen,nl NED,MF,Aston Villa,25,1999,14,2,305,3.4,3,0,3,3,0,0,0,0,0.89,0.0,0.89,0.89,0.89,0,0.38781670603929985,-4.1622667426539275,2.376278105583953
284,Orel Mangala,be BEL,MF,Everton,26,1998,19,14,1261,14.0,1,0,1,1,0,0,2,0,0.07,0.0,0.07,0.07,0.07,2,-1.366890374837943,0.2043470250601057,0.1497280123452066
285,Ryan Manning,ie IRL,"DF,MF",Southampton,28,1996,24,18,1462,16.2,0,1,1,0,0,0,2,0,0.0,0.06,0.06,0.00,0.06,2,-0.9738273776861158,0.6097675485490792,-0.5048554843111124
286,Solly March,eng ENG,MF,Brighton,30,1994,8,1,168,1.9,0,0,0,0,0,0,2,0,0.0,0.0,0.0,0.00,0.00,2,-2.764902762704345,-0.6577604549579653,0.018308681080929597
287,Omar Marmoush,eg EGY,"MF,FW",Manchester City,25,1999,16,14,1175,13.1,7,0,7,7,0,0,0,0,0.54,0.0,0.54,0.54,0.54,0,0.7267978177265617,-2.3853011879340302,1.782375476052519
288,Gabriel Martinelli,br BRA,"FW,MF",Arsenal,23,2001,33,25,2290,25.4,8,4,12,8,0,0,1,0,0.31,0.16,0.47,0.31,0.47,1,2.9501890268475335,-1.0268236558700732,0.02133400156550263
289,Emiliano Martínez,ar ARG,GK,Aston Villa,31,1992,37,37,3194,35.5,0,0,0,0,0,0,5,1,0.0,0.0,0.0,0.00,0.00,3,0.4495096855334685,3.5146364429985493,1.7274082042615053
290,Lisandro Martínez,ar ARG,DF,Manchester Utd,26,1998,20,20,1751,19.5,2,1,3,2,0,0,7,0,0.1,0.05,0.15,0.10,0.15,3,-0.024187983594015392,0.8807612111239825,-0.04635455966869498
291,Pape Matar Sarr,sn SEN,MF,Tottenham Hotspur,21,2002,36,22,1913,21.3,3,2,5,3,0,0,6,0,0.14,0.09,0.24,0.14,0.24,3,1.1727428308748613,0.8895389329041061,-0.21989555724382062
292,Jean-Philippe Mateta,fr FRA,FW,Crystal Palace,27,1997,37,33,2648,29.4,14,2,16,12,2,2,2,0,0.48,0.07,0.54,0.41,0.48,1,4.186666082787946,-0.9690971481225366,1.4948547199877715
293,Stephy Mavididi,eng ENG,MF,Leicester City,26,1998,30,16,1615,17.9,4,1,5,4,0,0,2,0,0.22,0.06,0.28,0.22,0.28,3,0.5108092946699105,-0.33903191484969475,0.34031576921249274
294,Konstantinos Mavropanos,gr GRE,DF,West Ham United,26,1997,33,21,2045,22.7,0,0,0,0,0,0,6,1,0.0,0.0,0.0,0.00,0.00,3,-0.3905954421506149,2.5384778384010884,1.844079610568481
295,Noussair Mazraoui,ma MAR,"DF,MF",Manchester Utd,26,1997,37,34,2838,31.5,0,1,1,0,0,0,3,0,0.0,0.03,0.03,0.00,0.03,3,0.2504075251723936,2.331983993109889,-0.5341830238430876
296,Bryan Mbeumo,cm CMR,"MF,FW",Brentford,24,1999,38,38,3414,37.9,20,7,27,15,5,6,3,0,0.53,0.18,0.71,0.40,0.58,1,7.351566387318698,-1.7251551775981766,0.9564680855867315
297,James Mcatee,eng ENG,MF,Manchester City,21,2002,15,3,349,3.9,3,0,3,3,0,0,1,0,0.77,0.0,0.77,0.77,0.77,0,0.18747679293730776,-3.5043538953816693,2.083100969034071
298,Kasey McAteer,ie IRL,MF,Leicester City,22,2001,18,9,852,9.5,1,1,2,1,0,0,3,0,0.11,0.11,0.21,0.11,0.21,2,-0.8790447423722947,-0.630885673088661,-0.27185212830729416
299,Alex McCarthy,eng ENG,GK,Southampton,34,1989,5,5,450,5.0,0,0,0,0,0,0,0,0,0.0,0.0,0.0,0.00,0.00,2,-2.8011702047796043,-0.7750505820837197,-0.006174938757013075
300,John McGinn,sct SCO,MF,Aston Villa,29,1994,34,27,2223,24.7,1,4,5,1,0,0,7,0,0.04,0.16,0.2,0.04,0.20,3,1.4710423837882753,1.4089898084431247,-1.1916359272720174
301,Dwight McNeil,eng ENG,MF,Everton,24,1999,21,15,1371,15.2,4,6,10,4,0,0,1,0,0.26,0.39,0.66,0.26,0.66,0,2.471973003619363,-2.60421293069785,-1.473200755858983
302,Ben Mee,eng ENG,DF,Brentford,34,1989,7,2,183,2.0,0,0,0,0,0,0,2,0,0.0,0.0,0.0,0.00,0.00,2,-2.7648598226863372,-0.6475413924158852,0.017030474962964844
303,Mikel Merino,es ESP,"MF,FW",Arsenal,28,1996,28,17,1586,17.6,7,2,9,7,0,0,4,1,0.4,0.11,0.51,0.40,0.51,0,2.2270600256314914,-0.7591384718866316,2.7298843563762314
304,Nikola Milenković,rs SRB,DF,Nottingham Forest,26,1997,37,37,3330,37.0,5,2,7,5,0,0,4,0,0.14,0.05,0.19,0.14,0.19,3,2.095020212797109,1.724877934878976,-0.0229882467464011
305,Lewis Miley,eng ENG,MF,Newcastle United,18,2006,14,1,313,3.5,1,0,1,1,0,0,0,0,0.29,0.0,0.29,0.29,0.29,2,-1.677346823344464,-1.8396609419077292,0.7686342340545292
306,James Milner,eng ENG,MF,Brighton,38,1986,4,3,170,1.9,0,0,0,0,0,0,1,0,0.0,0.0,0.0,0.00,0.00,2,-2.904471399232184,-0.8453853561197884,0.01852723794075168
307,Tyrone Mings,eng ENG,DF,Aston Villa,31,1993,14,12,1120,12.4,0,0,0,0,0,0,1,0,0.0,0.0,0.0,0.00,0.00,2,-2.0567158953845737,0.1304197856307131,-0.07868730316060256
308,Yankuba Minteh,gm GAM,MF,Brighton,20,2004,32,20,1838,20.4,6,4,10,6,0,0,6,0,0.29,0.2,0.49,0.29,0.49,1,2.730962240838585,-0.6371311251463281,-0.28577785113327936
309,Tyrick Mitchell,eng ENG,MF,Crystal Palace,24,1999,37,37,3092,34.4,0,5,5,0,0,0,2,0,0.0,0.15,0.15,0.00,0.15,3,1.6683223011361072,1.691415313149082,-1.569666606343209
310,Kaoru Mitoma,jp JPN,MF,Brighton,27,1997,36,28,2603,28.9,10,4,14,10,0,0,1,0,0.35,0.14,0.48,0.35,0.48,1,3.5913040654207844,-0.9236736486682628,0.3257893075680063
311,Jeremy Monga,eng ENG,FW,Leicester City,15,2009,7,0,112,1.2,0,0,0,0,0,0,0,0,0.0,0.0,0.0,0.00,0.00,2,-2.9772086817124643,-1.019343193607455,0.018750368596588414
312,Mikey Moore,eng ENG,"MF,FW",Tottenham Hotspur,16,2007,10,3,366,4.1,0,1,1,0,0,0,0,0,0.0,0.25,0.25,0.00,0.25,2,-1.625944128042123,-1.7462704233006283,-1.0978649190380554
313,Morato,br BRA,DF,Nottingham Forest,23,2001,26,6,907,10.1,0,0,0,0,0,0,5,0,0.0,0.0,0.0,0.00,0.00,2,-1.6342415775952286,0.7487289371812288,-0.06754017566332503
314,Álex Moreno,es ESP,DF,Nottingham Forest,31,1993,15,11,955,10.6,0,1,1,0,0,0,2,0,0.0,0.09,0.09,0.00,0.09,2,-1.494169034214467,-0.20720043304448826,-0.5481471995802989
315,Sam Morsy,eg EGY,MF,Ipswich Town,32,1991,33,31,2751,30.6,1,1,2,1,0,0,10,0,0.03,0.03,0.07,0.03,0.07,3,0.7665289329314791,2.841422092013341,-0.32263036458075645
316,Yerson Mosquera,co COL,DF,Wolves,23,2001,5,5,441,4.9,0,0,0,0,0,0,2,0,0.0,0.0,0.0,0.00,0.00,2,-2.666905106734886,-0.5024279962830193,0.002351199653892972
317,Mason Mount,eng ENG,"MF,FW",Manchester Utd,25,1999,17,8,622,6.9,1,0,1,1,0,0,3,0,0.14,0.0,0.14,0.14,0.14,2,-1.5212665936652716,-0.4294291999125447,0.37387956961047547
318,Mykhailo Mudryk,ua UKR,MF,Chelsea,23,2001,7,1,151,1.7,0,0,0,0,0,0,0,0,0.0,0.0,0.0,0.00,0.00,2,-2.9384797105591254,-0.9701529777383675,0.013664585803317648
319,Marshall Munetsi,zw ZIM,"MF,FW",Wolves,28,1996,14,12,1078,12.0,2,1,3,2,0,0,0,0,0.17,0.08,0.25,0.17,0.25,2,-0.8107163005266127,-1.1709406898502062,0.05139147740360721
320,Rodrigo Muniz,br BRA,FW,Fulham,23,2001,31,8,964,10.7,8,1,9,8,0,0,1,0,0.75,0.09,0.84,0.75,0.84,0,2.3440981522146336,-3.345051386298588,1.8806758341663843
321,Daniel Muñoz,co COL,MF,Crystal Palace,28,1996,37,37,3228,35.9,4,5,9,4,0,0,10,0,0.11,0.14,0.25,0.11,0.25,3,3.215114729127123,2.1724724419693247,-0.9079343689328423
322,Arijanet Muric,xk KVX,GK,Ipswich Town,25,1998,18,18,1620,18.0,0,0,0,0,0,0,1,0,0.0,0.0,0.0,0.00,0.00,2,-1.616403356571064,0.6493423046322897,-0.13076195555043663
323,Murillo,br BRA,DF,Nottingham Forest,22,2002,36,36,3188,35.4,2,0,2,2,0,0,6,0,0.06,0.0,0.06,0.06,0.06,3,0.7651375837353009,2.723642332574587,0.023565367084372513
324,Jacob Murphy,eng ENG,"FW,MF",Newcastle United,29,1995,35,31,2360,26.2,8,12,20,8,0,0,4,0,0.31,0.46,0.76,0.31,0.76,1,6.25009662673636,-1.9470462538080544,-2.2483795804336455
325,Vitaliy Mykolenko,ua UKR,DF,Everton,25,1999,35,35,3082,34.2,1,2,3,1,0,0,4,0,0.03,0.06,0.09,0.03,0.09,3,0.9461036392759029,2.1779580021867044,-0.6346908730256916
326,Iliman Ndiaye,sn SEN,"MF,FW",Everton,24,2000,33,29,2430,27.0,9,0,9,7,2,2,3,0,0.33,0.0,0.33,0.26,0.26,3,1.996775997531942,0.14581510768461375,1.3035356615383231
327,Wilfred Ndidi,ng NGA,MF,Leicester City,27,1996,28,28,2324,25.8,0,5,5,0,0,0,8,0,0.0,0.19,0.19,0.00,0.19,3,1.4593600697513947,1.4933938530784012,-1.6093434847439771
328,Kosta Nedeljković,rs SRB,DF,Aston Villa,18,2005,5,0,126,1.4,0,0,0,0,0,0,0,0,0.0,0.0,0.0,0.00,0.00,2,-3.0351803650664606,-1.0725232070279447,0.02405706174957073
329,Reiss Nelson,eng ENG,MF,Fulham,24,1999,11,5,487,5.4,1,1,2,1,0,0,1,0,0.18,0.18,0.37,0.18,0.37,0,-0.9860265150206654,-1.9488011942554802,-0.32440511581479375
330,Neto,br BRA,GK,Bournemouth,35,1989,2,2,180,2.0,0,0,0,0,0,0,0,0,0.0,0.0,0.0,0.00,0.00,2,-3.0587608679722282,-1.071885427606127,0.02352103119723392
331,Pedro Neto,pt POR,"MF,FW",Chelsea,24,2000,35,24,2269,25.2,4,6,10,4,0,0,8,0,0.16,0.24,0.4,0.16,0.40,1,3.088423494442832,0.390636231963478,-1.2252621849637482
332,Eddie Nketiah,eng ENG,"FW,MF",Crystal Palace,25,1999,29,9,1034,11.5,3,1,4,3,0,0,6,1,0.26,0.09,0.35,0.26,0.35,3,0.6375383239347548,0.02121193766326102,2.331237613189253
333,Christopher Nkunku,fr FRA,"MF,FW",Chelsea,26,1997,27,9,921,10.2,3,2,5,3,0,0,2,0,0.29,0.2,0.49,0.29,0.49,0,0.7585509667005034,-1.714228381237063,-0.18394197050394598
334,Matheus Nunes,pt POR,"DF,MF",Manchester City,25,1998,26,19,1674,18.6,1,6,7,1,0,0,4,0,0.05,0.32,0.38,0.05,0.38,0,1.6857001682655026,-0.5158807554193664,-1.9899166670728523
335,Darwin Núñez,uy URU,FW,Liverpool,25,1999,30,8,1133,12.6,5,2,7,5,0,0,8,0,0.4,0.16,0.56,0.40,0.56,0,1.8150886445537981,-1.1529164668294136,0.40994578247468416
336,Ethan Nwaneri,eng ENG,"FW,MF",Arsenal,17,2007,26,11,895,9.9,4,2,6,4,0,0,1,0,0.4,0.2,0.6,0.40,0.60,0,1.1854321966018035,-2.305941641566141,0.15634637267299314
337,Christian Nørgaard,dk DEN,MF,Brentford,30,1994,34,34,2819,31.3,5,4,9,5,0,0,8,1,0.16,0.13,0.29,0.16,0.29,3,3.0292164462888325,1.8693967522470358,1.5236410334078603
338,Jake O'Brien,ie IRL,DF,Everton,23,2001,20,17,1571,17.5,2,0,2,2,0,0,5,0,0.11,0.0,0.11,0.11,0.11,3,-0.670368785108973,0.647867373707307,0.3157924993294855
339,Matt O'Riley,dk DEN,MF,Brighton,23,2000,21,11,938,10.4,2,2,4,1,1,1,1,0,0.19,0.19,0.38,0.10,0.29,0,0.0731474427029032,-1.4719382021367444,-0.4641890588142602
340,Dara O'Shea,ie IRL,DF,Ipswich Town,25,1999,35,35,3122,34.7,0,2,2,0,0,0,6,0,0.0,0.06,0.06,0.00,0.06,3,0.8409187741059778,2.6583925128867434,-0.7830338708743438
341,Chidozie Obi-Martin,dk DEN,FW,Manchester Utd,16,2007,7,1,165,1.8,0,0,0,0,0,0,1,0,0.0,0.0,0.0,0.00,0.00,2,-2.865558338795503,-0.8264529360505943,0.017238840272381102
342,Wilson Odobert,fr FRA,"FW,MF",Tottenham Hotspur,19,2004,16,9,850,9.4,1,0,1,1,0,0,0,0,0.11,0.0,0.11,0.11,0.11,2,-1.745283457665211,-0.6386575050507902,0.2801124446650498
343,Chiedozie Ogbene,ie IRL,MF,Ipswich Town,27,1997,5,3,238,2.6,0,0,0,0,0,0,0,0,0.0,0.0,0.0,0.00,0.00,2,-2.920557998293271,-0.9269495185524175,0.008985879514728463
344,Caleb Okoli,it ITA,DF,Leicester City,23,2001,19,12,1125,12.5,1,0,1,1,0,0,4,0,0.08,0.0,0.08,0.08,0.08,2,-1.2970532533790486,0.3224163657434651,0.1943407052389594
345,Robin Olsen,se SWE,GK,Aston Villa,34,1990,4,1,226,2.5,0,0,0,0,0,0,0,0,0.0,0.0,0.0,0.00,0.00,2,-3.008540131372378,-1.0283558392463539,0.01961403116711353
346,Amadou Onana,be BEL,MF,Aston Villa,22,2001,26,20,1617,18.0,3,0,3,3,0,0,4,0,0.17,0.0,0.17,0.17,0.17,3,-0.11801174291021095,0.5072375754202683,0.508915705522217
347,André Onana,cm CMR,GK,Manchester Utd,28,1996,34,34,3060,34.0,0,0,0,0,0,0,0,0,0.0,0.0,0.0,0.00,0.00,3,-0.31112712725090863,2.094352924632881,-0.2932359816480669
348,Paul Onuachu,ng NGA,FW,Southampton,30,1994,25,11,1050,11.7,4,1,5,4,0,0,4,0,0.34,0.09,0.43,0.34,0.43,0,0.6275062998229758,-1.1574080095296262,0.5775380582392868
349,Stefan Ortega,de GER,GK,Manchester City,31,1992,13,12,1100,12.2,0,0,0,0,0,0,1,0,0.0,0.0,0.0,0.00,0.00,2,-2.0941502891704427,0.09304619960909441,-0.07502865940127267
350,William Osula,dk DEN,FW,Newcastle United,20,2003,14,0,134,1.5,1,0,1,1,0,0,0,0,0.67,0.0,0.67,0.67,0.67,0,-0.6821072181617855,-3.335665341215274,1.6943739745796753
351,Dango Ouattara,bf BFA,"MF,FW",Bournemouth,22,2002,32,21,2005,22.3,7,4,11,7,0,0,3,0,0.31,0.18,0.49,0.31,0.49,1,2.760829821656605,-1.0263121769199535,-0.10107484355165262
352,Nico O’Reilly,eng ENG,DF,Manchester City,19,2005,9,6,528,5.9,2,0,2,2,0,0,0,0,0.34,0.0,0.34,0.34,0.34,2,-1.3218172487741489,-1.9940977266933575,0.960256380795588
353,Alex Palmer,eng ENG,GK,Ipswich Town,27,1996,13,13,1170,13.0,0,0,0,0,0,0,2,0,0.0,0.0,0.0,0.00,0.00,2,-1.977180487518266,0.29272611821385736,-0.07717315261837847
354,Cole Palmer,eng ENG,MF,Chelsea,22,2002,37,36,3191,35.5,15,8,23,11,4,5,7,0,0.42,0.23,0.65,0.31,0.54,1,6.712822278468426,-0.8162589990631374,-0.01617126610119466
355,Emerson Palmieri,it ITA,"DF,MF",West Ham United,29,1994,31,26,2113,23.5,2,1,3,2,0,0,5,0,0.09,0.04,0.13,0.09,0.13,3,0.3908767806549722,1.3488890854335809,-0.10802695306514622
356,Lucas Paquetá,br BRA,"MF,FW",West Ham United,26,1997,33,27,2380,26.4,4,0,4,2,2,2,10,0,0.15,0.0,0.15,0.08,0.08,3,1.0488638304719389,2.0763940086226453,0.49383811221684354
357,Thomas Partey,gh GHA,"MF,DF",Arsenal,31,1993,35,31,2797,31.1,4,2,6,4,0,0,4,0,0.13,0.06,0.19,0.13,0.19,3,1.5435325356308245,1.3283478029984321,-0.12031997052022823
358,Nathan Patterson,sct SCO,DF,Everton,22,2001,10,3,347,3.9,0,1,1,0,0,0,1,0,0.0,0.26,0.26,0.00,0.26,2,-1.5284928344663702,-1.6539859911131916,-1.1310054956860989
359,Andreas Pereira,br BRA,MF,Fulham,28,1996,33,25,2013,22.4,2,4,6,2,0,1,7,0,0.09,0.18,0.27,0.09,0.27,3,1.7023236290502657,0.8905855944860529,-1.0462968222365878
360,Ricardo Pereira,pt POR,DF,Leicester City,30,1993,10,4,388,4.3,0,0,0,0,0,0,1,0,0.0,0.0,0.0,0.00,0.00,2,-2.6226744144590617,-0.5483895063665049,-0.010707167919146492
361,Kalvin Phillips,eng ENG,MF,Ipswich Town,28,1995,19,14,1237,13.7,0,0,0,0,0,0,6,1,0.0,0.0,0.0,0.00,0.00,3,-1.2655716342543781,1.5690712072962816,1.9403955761454732
362,Jaden Philogene Bidace,eng ENG,MF,Aston Villa,22,2002,11,2,332,3.7,0,0,0,0,0,0,4,1,0.0,0.0,0.0,0.00,0.00,2,-2.2535516069126746,0.29295128055828523,2.0328166848207485
363,Jaden Philogene Bidace,eng ENG,MF,Ipswich Town,22,2002,10,5,474,5.3,2,0,2,2,0,0,1,0,0.38,0.0,0.38,0.38,0.38,2,-1.152072918901837,-2.0281949698966812,1.0634444452216902
364,Jordan Pickford,eng ENG,GK,Everton,30,1994,38,38,3420,38.0,0,1,1,0,0,0,7,0,0.0,0.03,0.03,0.00,0.03,3,0.843961558704063,3.280705748580465,-0.556919411047157
365,Ethan Pinnock,jm JAM,DF,Brentford,31,1993,22,21,1913,21.3,2,0,2,2,0,0,2,0,0.09,0.0,0.09,0.09,0.09,3,-0.657246319293552,0.6365661752931536,0.22222834882847908
366,Nick Pope,eng ENG,GK,Newcastle United,32,1992,28,28,2520,28.0,0,0,0,0,0,0,2,0,0.0,0.0,0.0,0.00,0.00,3,-0.689227171555148,1.7769003458258923,-0.22565300238961322
367,Pedro Porro,es ESP,DF,Tottenham Hotspur,24,1999,33,28,2610,29.0,2,6,8,2,0,0,5,0,0.07,0.21,0.28,0.07,0.28,3,2.3340328681881926,0.7891857461417233,-1.5274825792495335
368,Jarell Quansah,eng ENG,DF,Liverpool,21,2003,13,4,495,5.5,0,0,0,0,0,0,2,0,0.0,0.0,0.0,0.00,0.00,2,-2.427123853204768,-0.27938877634441867,-0.01933754128487574
369,Aaron Ramsdale,eng ENG,GK,Southampton,26,1998,30,30,2700,30.0,0,0,0,0,0,0,2,0,0.0,0.0,0.0,0.00,0.00,3,-0.5175000627600655,1.9747902428408304,-0.24545031569244452
370,Jacob Ramsey,eng ENG,MF,Aston Villa,23,2001,29,19,1623,18.0,1,3,4,1,0,0,4,1,0.06,0.17,0.22,0.06,0.22,3,0.7637283053366867,0.7923990962441539,1.0339770861454793
371,Marcus Rashford,eng ENG,"FW,MF",Aston Villa,26,1997,10,4,444,4.9,2,2,4,1,1,1,0,0,0.41,0.41,0.81,0.20,0.61,0,0.6991598717170151,-3.996381378297093,-0.6992101035884193
372,Marcus Rashford,eng ENG,MF,Manchester Utd,26,1997,15,12,978,10.9,4,1,5,4,0,0,2,0,0.37,0.09,0.46,0.37,0.46,0,0.26774655181746004,-1.832432735234113,0.6698055983356798
373,David Raya,es ESP,GK,Arsenal,28,1995,38,38,3420,38.0,0,0,0,0,0,0,3,0,0.0,0.0,0.0,0.00,0.00,3,0.23794901346076822,2.904458387019495,-0.3205440492287898
374,Harrison Reed,eng ENG,MF,Fulham,29,1995,12,0,108,1.2,0,0,0,0,0,0,2,0,0.0,0.0,0.0,0.00,0.00,2,-2.6854980017881322,-0.5977949012016438,0.012520444965277551
375,Sergio Reguilón,es ESP,DF,Tottenham Hotspur,27,1996,4,1,196,2.2,0,0,0,0,0,0,2,0,0.0,0.0,0.0,0.00,0.00,2,-2.8808461294123373,-0.7641204817989442,0.02892206738689418
376,Declan Rice,eng ENG,MF,Arsenal,25,1999,35,33,2825,31.4,4,7,11,4,0,0,7,1,0.13,0.22,0.35,0.13,0.35,1,3.7079713838132773,1.3891374986036193,0.6067247924482594
377,Chris Richards,us USA,DF,Crystal Palace,24,2000,24,22,1922,21.4,1,0,1,1,0,0,4,1,0.05,0.0,0.05,0.05,0.05,3,-0.5087173618294301,1.7208307675273968,2.0662862135273734
378,Richarlison,br BRA,FW,Tottenham Hotspur,27,1997,15,4,504,5.6,4,1,5,4,0,0,2,0,0.71,0.18,0.89,0.71,0.89,0,1.185252630004402,-3.879265923330207,1.1941109576840114
379,Andrew Robertson,sct SCO,DF,Liverpool,30,1994,33,29,2482,27.6,0,1,1,0,0,0,3,1,0.0,0.04,0.04,0.00,0.04,3,0.11943398215175799,2.3531753331448892,1.4957516673809244
380,Antonee Robinson,us USA,"DF,MF",Fulham,26,1997,36,35,3167,35.2,0,10,10,0,0,0,8,0,0.0,0.28,0.28,0.00,0.28,1,3.6083451721668354,1.6489444619491829,-2.7256047748070396
381,Jay Robinson,eng ENG,MF,Southampton,17,2007,4,1,137,1.5,0,0,0,0,0,0,0,0,0.0,0.0,0.0,0.00,0.00,2,-3.036389062397915,-1.0639017117912533,0.022927788547582095
382,Guido Rodríguez,ar ARG,MF,West Ham United,30,1994,23,16,1149,12.8,0,1,1,0,0,0,6,0,0.0,0.08,0.08,0.00,0.08,3,-0.8121207972598581,0.8641071541385329,-0.5425251073794246
383,Mads Roerslev,dk DEN,DF,Brentford,25,1999,19,11,1101,12.2,0,2,2,0,0,0,2,0,0.0,0.16,0.16,0.00,0.16,2,-0.8525057419428043,-0.36047580825729714,-0.9697707189451505
384,Morgan Rogers,eng ENG,MF,Aston Villa,22,2002,37,37,3114,34.6,8,10,18,8,0,0,10,0,0.23,0.29,0.52,0.23,0.52,1,5.857823053056068,0.4930405575590356,-1.5472981512635529
385,Cristian Romero,ar ARG,DF,Tottenham Hotspur,26,1998,18,18,1416,15.7,1,0,1,1,0,0,3,0,0.06,0.0,0.06,0.06,0.06,2,-1.2032854888117734,0.5460339172225007,0.11234105257994896
386,Georginio Rutter,fr FRA,"MF,FW",Brighton,22,2002,28,19,1656,18.4,5,3,8,5,0,0,2,0,0.27,0.16,0.43,0.27,0.43,0,1.6554939336054597,-1.0473499409716809,-0.12034705774704126
387,José Sá,pt POR,GK,Wolves,31,1993,29,29,2609,29.0,0,0,0,0,0,0,2,0,0.0,0.0,0.0,0.00,0.00,3,-0.6036765264949724,1.8754459025070143,-0.2355144258120348
388,Bukayo Saka,eng ENG,"FW,MF",Arsenal,22,2001,25,20,1729,19.2,6,10,16,5,1,1,3,0,0.31,0.52,0.83,0.26,0.78,1,4.808807702898262,-2.966316663534335,-2.2731810431349864
389,Mohamed Salah,eg EGY,MF,Liverpool,32,1992,38,38,3371,37.5,29,18,47,20,9,9,1,0,0.77,0.48,1.25,0.53,1.01,1,12.954767122744157,-5.426262279748259,-0.39349249727304497
390,William Saliba,fr FRA,DF,Arsenal,23,2001,35,35,3039,33.8,2,0,2,2,0,0,2,1,0.06,0.0,0.06,0.06,0.06,3,0.5895484285421273,2.5359222224688986,2.044077543892248
391,Robert Sánchez,es ESP,GK,Chelsea,26,1997,32,32,2880,32.0,0,0,0,0,0,0,5,0,0.0,0.0,0.0,0.00,0.00,3,-0.14015103084347108,2.5870058082125067,-0.25296106997033607
392,Jadon Sancho,eng ENG,MF,Chelsea,24,2000,31,19,1764,19.6,3,4,7,3,0,0,2,0,0.15,0.2,0.36,0.15,0.36,0,1.4828413544046437,-0.5503299609672035,-0.8764008870693969
393,Ibrahim Sangaré,ci CIV,MF,Nottingham Forest,26,1997,13,7,590,6.6,0,1,1,0,0,0,3,0,0.0,0.15,0.15,0.00,0.15,2,-1.4991591637026722,-0.6375112064831132,-0.7377600115570436
394,Danilo Santos,br BRA,MF,Nottingham Forest,23,2001,8,5,275,3.1,0,0,0,0,0,0,0,0,0.0,0.0,0.0,0.00,0.00,2,-2.7624007177029104,-0.7567869032104517,-0.008401061221406096
395,Pablo Sarabia,es ESP,MF,Wolves,32,1992,23,7,814,9.0,3,2,5,3,0,0,3,0,0.33,0.22,0.55,0.33,0.55,0,0.7990164193939618,-2.0265074318134686,-0.13646401752922896
396,Ismaila Sarr,sn SEN,MF,Crystal Palace,26,1998,38,30,2711,30.1,8,6,14,8,0,0,4,0,0.27,0.2,0.46,0.27,0.46,1,4.0435334992149645,-0.2428993420299829,-0.5428260726877858
397,Sávio,br BRA,"MF,FW",Manchester City,20,2004,29,21,1766,19.6,1,8,9,1,0,0,3,0,0.05,0.41,0.46,0.05,0.46,1,2.5477357121453292,-0.912992731544155,-2.634835464407773
398,Oliver Scarles,eng ENG,"MF,DF",West Ham United,18,2005,15,7,665,7.4,0,0,0,0,0,0,1,0,0.0,0.0,0.0,0.00,0.00,2,-2.3005409718277647,-0.18998741907031774,-0.04649172883525032
399,Kevin Schade,de GER,"MF,FW",Brentford,22,2001,38,26,2293,25.5,11,2,13,11,0,0,3,0,0.43,0.08,0.51,0.43,0.51,1,3.386638889068533,-0.8145536196366073,1.1300175009964688
400,Fabian Schär,ch SUI,DF,Newcastle United,32,1991,34,33,2934,32.6,4,0,4,4,0,0,9,1,0.12,0.0,0.12,0.12,0.12,3,1.4618152558626627,2.987648903940409,2.3969264396436385
401,Jeffrey Schlupp,gh GHA,"DF,FW",Crystal Palace,31,1992,12,0,103,1.1,0,0,0,0,0,0,0,0,0.0,0.0,0.0,0.00,0.00,2,-2.8241438305559683,-0.8760089725712048,0.004515571760287891
402,Alex Scott,eng ENG,MF,Bournemouth,20,2003,20,8,755,8.4,0,0,0,0,0,0,3,0,0.0,0.0,0.0,0.00,0.00,2,-1.9528913071949865,0.3027176396536767,-0.059855262854503655
403,Matz Sels,be BEL,GK,Nottingham Forest,32,1992,38,38,3420,38.0,0,0,0,0,0,0,4,0,0.0,0.0,0.0,0.00,0.00,3,0.3064896545012722,3.0425669431384077,-0.3164485295538099
404,Nélson Semedo,pt POR,"MF,DF",Wolves,30,1993,34,32,2886,32.1,0,4,4,0,0,0,8,0,0.0,0.12,0.12,0.00,0.12,3,1.457100686704464,2.3577518748579553,-1.2577556307514066
405,Antoine Semenyo,gh GHA,MF,Bournemouth,24,2000,37,36,3203,35.6,11,5,16,11,0,0,9,0,0.31,0.14,0.45,0.31,0.45,1,4.867340969623528,0.7096756915800498,0.15375702457589124
406,Marcos Senesi,ar ARG,DF,Bournemouth,27,1997,17,13,1106,12.3,0,0,0,0,0,0,5,0,0.0,0.0,0.0,0.00,0.00,2,-1.6668799338339226,0.7990337076630757,-0.07415958365561835
407,Ryan Sessegnon,eng ENG,"MF,DF",Fulham,24,2000,16,7,580,6.4,4,2,6,4,0,0,1,0,0.62,0.31,0.93,0.62,0.93,0,1.6763923978977957,-4.085913277457504,0.3243629095007618
408,Luke Shaw,eng ENG,DF,Manchester Utd,29,1995,7,4,349,3.9,0,0,0,0,0,0,1,0,0.0,0.0,0.0,0.00,0.00,2,-2.728406499731991,-0.6521230360780702,-0.0005131344500312544
409,Bernardo Silva,pt POR,MF,Manchester City,29,1994,33,29,2670,29.7,4,4,8,4,0,0,7,0,0.13,0.13,0.27,0.13,0.27,3,2.3056262981686624,1.1593937583513305,-0.6316248227687921
410,Jota Silva,pt POR,MF,Nottingham Forest,24,1999,31,5,854,9.5,3,1,4,3,0,0,5,0,0.32,0.11,0.42,0.32,0.42,0,0.49285391216800245,-1.03183343147252,0.3843652889135173
411,Jahmai Simpson-Pusey,eng ENG,DF,Manchester City,18,2005,2,1,96,1.1,0,0,0,0,0,0,1,0,0.0,0.0,0.0,0.00,0.00,2,-3.0430301182665143,-1.0009397195419252,0.0343778289702159
412,Luis Sinisterra,co COL,MF,Bournemouth,25,1999,12,1,236,2.6,1,1,2,1,0,0,0,0,0.38,0.38,0.76,0.38,0.76,0,0.0432769820302875,-3.7730447725146545,-0.5866367119787811
413,Oliver Skipp,eng ENG,MF,Leicester City,23,2000,24,10,1129,12.5,0,0,0,0,0,0,8,0,0.0,0.0,0.0,0.00,0.00,3,-1.3154041676713457,1.3274038305638813,-0.07222618256617579
414,William Smallbone,ie IRL,MF,Southampton,24,2000,18,6,690,7.7,1,0,1,1,0,0,1,0,0.13,0.0,0.13,0.13,0.13,2,-1.6873073710107935,-0.6797271738590275,0.34341950455888204
415,Adam Smith,eng ENG,DF,Bournemouth,33,1991,25,19,1590,17.7,0,0,0,0,0,0,7,0,0.0,0.0,0.0,0.00,0.00,3,-0.9697878341830257,1.705326067659623,-0.12910338174938557
416,Emile Smith Rowe,eng ENG,MF,Fulham,24,2000,34,25,2043,22.7,6,3,9,6,0,0,3,0,0.26,0.13,0.4,0.26,0.40,1,2.241164271540454,-0.31975105312720825,0.004609299684552802
417,Dominic Solanke,eng ENG,FW,Tottenham Hotspur,26,1997,27,25,2201,24.5,9,3,12,8,1,1,0,0,0.37,0.12,0.49,0.33,0.45,1,2.6399063920245376,-1.4604196064291641,0.5560534726055278
418,Carlos Soler,es ESP,MF,West Ham United,27,1997,31,14,1409,15.7,1,1,2,1,0,0,6,0,0.06,0.06,0.13,0.06,0.13,3,-0.2511886353947594,0.8982807693270133,-0.2630037159441641
419,Ramón Sosa,py PAR,MF,Nottingham Forest,24,1999,19,1,295,3.3,1,0,1,1,0,0,1,0,0.31,0.0,0.31,0.31,0.31,2,-1.4018324686802175,-1.6350179189659988,0.8070111773053503
420,Tomáš Souček,cz CZE,MF,West Ham United,29,1995,35,30,2567,28.5,9,1,10,9,0,0,8,0,0.32,0.04,0.35,0.32,0.35,1,2.79651022957817,0.8215882515872946,0.9926160881810119
421,Boubakary Soumaré,fr FRA,MF,Leicester City,25,1999,31,25,2171,24.1,0,0,0,0,0,0,8,0,0.0,0.0,0.0,0.00,0.00,3,-0.3732365839252856,2.453479379703584,-0.18592636437165477
422,Djed Spence,eng ENG,DF,Tottenham Hotspur,23,2000,25,19,1792,19.9,1,2,3,1,0,0,4,1,0.05,0.1,0.15,0.05,0.15,3,0.20532779230669432,1.0921373329194175,1.4218246229724463
423,Jason Steele,eng ENG,GK,Brighton,33,1990,2,2,180,2.0,0,0,0,0,0,0,0,0,0.0,0.0,0.0,0.00,0.00,2,-3.0587608679722282,-1.071885427606127,0.02352103119723392
424,Jack Stephens,eng ENG,DF,Southampton,30,1994,19,17,1389,15.4,1,0,1,1,0,0,2,2,0.06,0.0,0.06,0.06,0.06,3,-0.8698267533767661,1.3673599579091713,4.159568214462326
425,Raheem Sterling,eng ENG,"FW,MF",Arsenal,29,1994,17,7,499,5.5,0,2,2,0,0,0,1,0,0.0,0.36,0.36,0.00,0.36,0,-0.5807536472349326,-1.69695906601034,-1.6899596824350065
426,Ross Stewart,sct SCO,FW,Southampton,28,1996,12,4,389,4.3,1,0,1,1,0,0,1,0,0.23,0.0,0.23,0.23,0.23,2,-1.7379761052636562,-1.4095126187222144,0.6202835620437648
427,Jakub Stolarczyk,pl POL,GK,Leicester City,23,2000,10,10,900,10.0,0,0,0,0,0,0,1,0,0.0,0.0,0.0,0.00,0.00,2,-2.303311791751394,-0.14221728342746226,-0.05157270233911143
428,John Stones,eng ENG,DF,Manchester City,30,1994,11,6,548,6.1,2,0,2,2,0,0,1,0,0.33,0.0,0.33,0.33,0.33,2,-1.2130285301609873,-1.7526272211699974,0.9336887168561908
429,Jørgen Strand Larsen,no NOR,FW,Wolves,24,2000,35,30,2587,28.7,14,4,18,14,0,0,4,0,0.49,0.14,0.63,0.49,0.63,1,4.902708236807097,-1.3200164368793377,1.0047212024887235
430,Yukinari Sugawara,jp JPN,"MF,DF",Southampton,24,2000,30,16,1557,17.3,1,1,2,1,0,0,4,0,0.06,0.06,0.12,0.06,0.12,3,-0.3331433898153346,0.7349639449020531,-0.2831017130016302
431,Kamaldeen Sulemana,gh GHA,"FW,MF",Southampton,22,2002,26,17,1402,15.6,1,1,2,1,0,0,2,0,0.06,0.06,0.13,0.06,0.13,3,-0.6038460791228767,0.2969638585181999,-0.27545632673138976
432,Crysencio Summerville,nl NED,"MF,FW",West Ham United,22,2001,19,7,786,8.7,1,1,2,1,0,0,2,0,0.11,0.11,0.23,0.11,0.23,2,-0.9639944841859742,-0.8650925649850316,-0.2650507697814461
433,Sammie Szmodics,ie IRL,MF,Ipswich Town,28,1995,20,13,992,11.0,4,0,4,4,0,0,2,0,0.36,0.0,0.36,0.36,0.36,0,-0.11481425927477117,-1.2040950153622196,1.1074087962561605
434,Dominik Szoboszlai,hu HUN,MF,Liverpool,23,2000,36,29,2491,27.7,6,6,12,6,0,0,6,0,0.22,0.22,0.43,0.22,0.43,1,3.6114061476533927,0.11647561324730618,-0.8788679884876609
435,James Tarkowski,eng ENG,DF,Everton,31,1992,33,33,2922,32.5,1,1,2,1,0,0,6,0,0.03,0.03,0.06,0.03,0.06,3,0.5858660182278617,2.4404599168512155,-0.3546897444344943
436,Marcus Tavernier,eng ENG,MF,Bournemouth,25,1999,29,20,1939,21.5,3,5,8,3,0,0,6,0,0.14,0.23,0.37,0.14,0.37,1,2.0663647421308355,-0.07679580253006321,-1.1432313984117537
437,Charlie Taylor,eng ENG,DF,Southampton,30,1993,8,3,356,4.0,0,0,0,0,0,0,1,0,0.0,0.0,0.0,0.00,0.00,2,-2.7215654343279563,-0.6535554784405123,-5.4059369935126937e-05
438,Jack Taylor,ie IRL,MF,Ipswich Town,26,1998,32,4,860,9.6,1,0,1,1,0,0,4,0,0.1,0.0,0.1,0.10,0.10,2,-1.130162545744799,0.2564755702835488,0.2435763978407602
439,Mathys Tel,fr FRA,FW,Tottenham Hotspur,19,2005,13,11,911,10.1,2,1,3,1,1,1,2,0,0.2,0.1,0.3,0.10,0.20,2,-0.6287931621746009,-1.2107008968748034,0.06873275871649631
440,Kenny Tete,nl NED,DF,Fulham,28,1995,22,21,1774,19.7,0,2,2,0,0,0,5,0,0.0,0.1,0.1,0.00,0.10,3,-0.2866477233689378,0.9763512295158712,-0.7999597631531186
441,Igor Thiago,br BRA,FW,Brentford,23,2001,8,1,175,1.9,0,0,0,0,0,0,0,0,0.0,0.0,0.0,0.00,0.00,2,-2.8997936794237944,-0.9311818244113601,0.00985700912801158
442,Luke Thomas,eng ENG,DF,Leicester City,23,2001,14,13,1110,12.3,0,0,0,0,0,0,3,0,0.0,0.0,0.0,0.00,0.00,2,-1.89623819968114,0.4362569142466141,-0.07375761838320614
443,Youri Tielemans,be BEL,MF,Aston Villa,27,1997,36,35,3026,33.6,3,7,10,3,0,1,4,0,0.09,0.21,0.3,0.09,0.30,1,3.128571870319495,0.9275600440158811,-1.5892175778952073
444,Kieran Tierney,sct SCO,DF,Arsenal,27,1997,13,2,259,2.9,1,0,1,1,0,0,0,0,0.35,0.0,0.35,0.35,0.35,2,-1.5287194880940713,-2.0766155987125283,0.9144684847907385
445,Jurriën Timber,nl NED,DF,Arsenal,23,2001,30,27,2417,26.9,1,3,4,1,0,0,7,0,0.04,0.11,0.15,0.04,0.15,3,1.0054801261113013,1.6215870461522173,-0.858558761112955
446,Jean-Clair Todibo,fr FRA,DF,West Ham United,24,1999,27,20,1825,20.3,0,0,0,0,0,0,3,0,0.0,0.0,0.0,0.00,0.00,3,-1.0815387829909335,1.3391343560064577,-0.16369691448430435
447,Harry Toffolo,eng ENG,DF,Nottingham Forest,28,1995,4,1,137,1.5,0,0,0,0,0,0,1,0,0.0,0.0,0.0,0.00,0.00,2,-2.967848421357411,-0.9257931556723407,0.027023308222561992
448,Sandro Tonali,it ITA,MF,Newcastle United,24,2000,36,28,2630,29.2,4,2,6,4,0,0,5,0,0.14,0.07,0.21,0.14,0.21,3,1.5746354565785525,1.2534635765683644,-0.11587238719349593
449,Pau Torres,es ESP,DF,Aston Villa,27,1997,24,23,2020,22.4,0,0,0,0,0,0,2,0,0.0,0.0,0.0,0.00,0.00,3,-1.103014203372576,1.2915917614658632,-0.17721203686228287
450,Conor Townsend,eng ENG,DF,Ipswich Town,31,1993,6,3,335,3.7,0,1,1,0,0,0,1,0,0.0,0.27,0.27,0.00,0.27,2,-1.6220966447237912,-1.8145573702389368,-1.1568463078942828
451,Adama Traoré,es ESP,MF,Fulham,28,1996,36,18,1772,19.7,2,7,9,2,0,0,3,0,0.1,0.36,0.46,0.10,0.46,1,2.5982158227286045,-0.8145266698561852,-2.112685332194219
452,Mark Travers,ie IRL,GK,Bournemouth,25,1999,5,5,450,5.0,0,0,0,0,0,0,0,0,0.0,0.0,0.0,0.00,0.00,2,-2.8011702047796043,-0.7750505820837197,-0.006174938757013075
453,Kieran Trippier,eng ENG,DF,Newcastle United,33,1990,25,14,1309,14.5,0,3,3,0,0,0,1,0,0.0,0.21,0.21,0.00,0.21,2,-0.1877656366200108,-0.391012784979742,-1.338640181781202
454,Leandro Trossard,be BEL,FW,Arsenal,29,1994,38,28,2546,28.3,8,7,15,8,0,0,4,1,0.28,0.25,0.53,0.28,0.53,1,4.58473428427515,-0.1940126950181033,1.1928727322472916
455,Kostas Tsimikas,gr GRE,DF,Liverpool,28,1996,18,9,837,9.3,0,1,1,0,0,0,2,0,0.0,0.11,0.11,0.00,0.11,2,-1.4209028690097072,-0.3098706478142844,-0.6211152977201637
456,Axel Tuanzebe,cd COD,DF,Ipswich Town,26,1997,22,20,1710,19.0,0,1,1,0,0,0,5,1,0.0,0.05,0.05,0.00,0.05,3,-0.5318626546571321,1.6570576199964577,1.559500184576841
457,Destiny Udogie,it ITA,DF,Tottenham Hotspur,21,2002,25,24,1924,21.4,0,1,1,0,0,0,2,0,0.0,0.05,0.05,0.00,0.05,3,-0.6737899447533652,1.063591608896317,-0.5088298087869155
458,Manuel Ugarte,uy URU,MF,Manchester Utd,23,2001,29,22,1785,19.8,1,2,3,1,0,0,11,0,0.05,0.1,0.15,0.05,0.15,3,0.6843046491001828,1.7872631042388034,-0.5966019223507766
459,Lesley Ugochukwu,fr FRA,MF,Southampton,20,2004,26,18,1655,18.4,1,1,2,1,0,0,7,0,0.05,0.05,0.11,0.05,0.11,3,-0.2186697577677453,1.197004998939181,-0.2541794551561712
460,Enes Ünal,tr TUR,FW,Bournemouth,27,1997,17,2,345,3.8,2,1,3,2,0,0,2,0,0.52,0.26,0.78,0.52,0.78,0,0.5453710412456821,-3.404793596497533,0.2746555302084212
461,Hákon Valdimarsson,is ISL,GK,Brentford,22,2001,2,1,145,1.6,0,0,0,0,0,0,0,0,0.0,0.0,0.0,0.00,0.00,2,-3.096238201776105,-1.1194780761698258,0.028457881074528624
462,Virgil van Dijk,nl NED,DF,Liverpool,33,1991,37,37,3330,37.0,3,1,4,3,0,0,5,0,0.08,0.03,0.11,0.08,0.11,3,1.3570017612104157,2.3774211254983437,-0.11416823030474606
463,Jamie Vardy,eng ENG,FW,Leicester City,37,1987,35,35,2823,31.4,9,4,13,8,1,2,5,0,0.29,0.13,0.41,0.26,0.38,1,3.714083005291185,0.258823816903594,0.122085384639429
464,Renato Veiga,pt POR,MF,Chelsea,21,2003,7,1,181,2.0,0,0,0,0,0,0,2,0,0.0,0.0,0.0,0.00,0.00,2,-2.7920111483571497,-0.6819541107101268,0.020738628283456573
465,Joël Veltman,nl NED,DF,Brighton,32,1992,21,19,1697,18.9,0,0,0,0,0,0,5,0,0.0,0.0,0.0,0.00,0.00,3,-1.198092645320145,1.3543008828622458,-0.12962245988390902
466,Micky van de Ven,nl NED,DF,Tottenham Hotspur,23,2001,13,12,1015,11.3,0,2,2,0,0,0,4,0,0.0,0.18,0.18,0.00,0.18,2,-0.8331545382201087,-0.3377783138735907,-1.0204144890353313
467,Bart Verbruggen,nl NED,GK,Brighton,21,2002,36,36,3240,36.0,0,1,1,0,0,0,5,0,0.0,0.03,0.03,0.00,0.03,3,0.5351531678279726,2.806598739327702,-0.5453131370942855
468,Jannik Vestergaard,dk DEN,DF,Leicester City,31,1992,18,16,1391,15.5,0,0,0,0,0,0,5,0,0.0,0.0,0.0,0.00,0.00,2,-1.4669480446579297,1.0430879315913404,-0.098586093685877
469,Guglielmo Vicario,it ITA,GK,Tottenham Hotspur,27,1996,24,24,2160,24.0,0,0,0,0,0,0,1,0,0.0,0.0,0.0,0.00,0.00,3,-1.1012220301858167,1.243011995677104,-0.19015389545893052
470,Kyle Walker,eng ENG,DF,Manchester City,34,1990,15,9,970,10.8,0,0,0,0,0,0,3,0,0.0,0.0,0.0,0.00,0.00,2,-2.01497132785809,0.27527206948649346,-0.05692419805347676
471,Kyle Walker-Peters,eng ENG,"MF,DF",Southampton,27,1997,33,33,2918,32.4,0,2,2,0,0,0,5,0,0.0,0.06,0.06,0.00,0.06,3,0.5931412001736174,2.3128086559205605,-0.7664384797506357
472,Christian Walton,eng ENG,GK,Ipswich Town,28,1995,7,7,630,7.0,0,0,0,0,0,0,0,0,0.0,0.0,0.0,0.00,0.00,2,-2.629443095984522,-0.5771606850687819,-0.025972252059844374
473,Aaron Wan-Bissaka,cd COD,"DF,MF",West Ham United,26,1997,36,35,3154,35.0,2,5,7,2,0,0,1,0,0.06,0.14,0.2,0.06,0.20,3,2.0096639295274685,1.1432076599001497,-1.2178562895597507
474,Danny Ward,wls WAL,GK,Leicester City,31,1993,2,1,135,1.5,0,0,0,0,0,0,0,0,0.0,0.0,0.0,0.00,0.00,2,-3.099367295149761,-1.1234719944332976,0.028830213364468893
475,James Ward-Prowse,eng ENG,MF,West Ham United,29,1994,15,12,1039,11.5,1,1,2,1,0,0,2,0,0.09,0.09,0.17,0.09,0.17,2,-1.0294603438467884,-0.5319468160019665,-0.25736345085669615
476,James Ward-Prowse,eng ENG,MF,Nottingham Forest,29,1994,9,5,400,4.4,0,1,1,0,0,0,2,1,0.0,0.23,0.23,0.00,0.23,2,-1.3231623671565158,-0.8549373300849057,1.0053926896741003
477,Ollie Watkins,eng ENG,FW,Aston Villa,28,1995,38,31,2598,28.9,16,8,24,14,2,2,2,0,0.55,0.28,0.83,0.48,0.76,1,6.7957999112554806,-2.627771316838906,0.20691757187571297
478,Adam Webster,eng ENG,DF,Brighton,29,1995,14,11,887,9.9,0,0,0,0,0,0,1,0,0.0,0.0,0.0,0.00,0.00,2,-2.1561492779868363,0.0037475554502718676,-0.06637827394249017
479,Danny Welbeck,eng ENG,FW,Brighton,33,1990,30,24,2115,23.5,10,4,14,9,1,1,5,0,0.43,0.17,0.6,0.38,0.55,1,3.7641344398057384,-1.3003889975072092,0.4732967721976071
480,Welington,br BRA,"MF,DF",Southampton,23,2001,10,6,482,5.4,0,0,0,0,0,0,1,0,0.0,0.0,0.0,0.00,0.00,2,-2.540209922754534,-0.44361880540677484,-0.021474465169592553
481,Timo Werner,de GER,"FW,MF",Tottenham Hotspur,28,1996,18,4,516,5.7,0,3,3,0,0,0,0,0,0.0,0.52,0.52,0.00,0.52,0,0.09260192687890435,-2.5729847084274295,-2.432724385873937
482,Adam Wharton,eng ENG,MF,Crystal Palace,20,2004,20,16,1318,14.6,0,2,2,0,0,0,2,0,0.0,0.14,0.14,0.00,0.14,2,-0.6905125336058981,0.00011899922421276405,-0.923045687781003
483,Ben White,eng ENG,DF,Arsenal,26,1997,17,13,1198,13.3,0,2,2,0,0,0,2,0,0.0,0.15,0.15,0.00,0.15,2,-0.8663108662484892,-0.2750427515769959,-0.9368782298497702
484,Mats Wieffer,nl NED,"DF,MF",Brighton,24,1999,25,10,1015,11.3,1,3,4,1,0,0,6,0,0.09,0.27,0.35,0.09,0.35,0,0.5778745741167592,-0.5736702462949055,-1.2227974058538968
485,Neco Williams,wls WAL,"DF,MF",Nottingham Forest,23,2001,35,28,2594,28.8,1,3,4,1,0,0,7,0,0.03,0.1,0.14,0.03,0.14,3,1.1931120290401933,1.9317121969245628,-0.8674566131355045
486,Willian,br BRA,"MF,FW",Fulham,35,1988,10,2,257,2.9,0,0,0,0,0,0,0,0,0.0,0.0,0.0,0.00,0.00,2,-2.78525719268662,-0.8060462610199934,-0.0026577608709011874
487,Joe Willock,eng ENG,MF,Newcastle United,24,1999,32,11,1086,12.1,0,2,2,0,0,0,4,0,0.0,0.17,0.17,0.00,0.17,3,-0.27997147847584153,0.25352949078521636,-1.0368464381670317
488,Callum Wilson,eng ENG,FW,Newcastle United,32,1992,18,2,370,4.1,0,0,0,0,0,0,1,0,0.0,0.0,0.0,0.00,0.00,2,-2.431948140215347,-0.38772043256644934,-0.026081429507841473
489,Harry Wilson,wls WAL,"MF,FW",Fulham,27,1997,25,12,1162,12.9,6,1,7,6,0,0,2,0,0.46,0.08,0.54,0.46,0.54,0,1.1968806215795238,-1.9131427574897184,1.0541195181846894
490,Harry Winks,eng ENG,MF,Leicester City,28,1996,22,17,1538,17.1,0,2,2,0,0,0,4,0,0.0,0.12,0.12,0.00,0.12,3,-0.4654251361216556,0.5330591053510746,-0.8566205486833125
491,Yoane Wissa,cd COD,FW,Brentford,27,1996,35,34,2919,32.4,19,4,23,19,0,0,5,0,0.59,0.12,0.71,0.59,0.71,1,6.243624933415852,-1.5965782549860772,1.712578334851757
492,Chris Wood,nz NZL,FW,Nottingham Forest,32,1991,36,35,2959,32.9,20,3,23,17,3,3,1,0,0.61,0.09,0.7,0.52,0.61,1,5.934250473195607,-2.0454893708771102,2.071870848831663
493,Nathan Wood-Gordon,eng ENG,DF,Southampton,22,2002,11,9,773,8.6,0,0,0,0,0,0,2,0,0.0,0.0,0.0,0.00,0.00,2,-2.269859936513843,-0.05905967440151457,-0.04202885489883551
494,Luke Woolfenden,eng ENG,DF,Ipswich Town,25,1998,15,12,1187,13.2,0,0,0,0,0,0,2,0,0.0,0.0,0.0,0.00,0.00,2,-1.936034121702018,0.32467334360956207,-0.08000038900767197
495,Yehor Yarmoliuk,ua UKR,MF,Brentford,20,2004,31,15,1450,16.1,0,0,0,0,0,0,6,0,0.0,0.0,0.0,0.00,0.00,3,-1.0011805682076937,1.5531614142539645,-0.13093537699188285
496,Ryan Yates,eng ENG,MF,Nottingham Forest,26,1997,35,18,1915,21.3,2,1,3,2,0,0,10,0,0.09,0.05,0.14,0.09,0.14,3,0.6189806391898796,1.7707481260268427,-0.10070712484110671
497,Leny Yoro,fr FRA,DF,Manchester Utd,18,2005,21,12,1165,12.9,0,0,0,0,0,0,5,0,0.0,0.0,0.0,0.00,0.00,2,-1.5502389617712058,0.906526888754712,-0.08437857402155984
498,Ashley Young,eng ENG,DF,Everton,39,1985,32,19,1875,20.8,1,3,4,1,0,0,7,1,0.05,0.14,0.19,0.05,0.19,3,1.0218605507259242,1.530890227180137,1.1199220015425393
499,Illia Zabarnyi,ua UKR,DF,Bournemouth,21,2002,36,35,3109,34.5,0,1,1,0,0,0,4,1,0.0,0.03,0.03,0.00,0.03,3,0.6019945108674487,3.0697790999476755,1.4839014214371877
500,Oleksandr Zinchenko,ua UKR,"DF,MF",Arsenal,27,1996,15,5,527,5.9,0,1,1,0,0,0,1,0,0.0,0.17,0.17,0.00,0.17,2,-1.5769404740623703,-1.0238177325363147,-0.8180529974620905
501,Joshua Zirkzee,nl NED,"FW,MF",Manchester Utd,23,2001,32,14,1402,15.6,3,1,4,3,0,0,2,0,0.19,0.06,0.26,0.19,0.26,3,0.211737346373715,-0.2602651964721245,0.1966841995863106
502,Martin Ødegaard,no NOR,MF,Arsenal,25,1998,30,26,2325,25.8,3,8,11,2,1,1,4,0,0.12,0.31,0.43,0.08,0.39,1,3.144364680083093,-0.3848979941907695,-1.9590204797400257
