squad,mean_ast,mean_crdr,mean_crdy,mean_g_plus_a,mean_gls,mean_minutes,mean_mp,mean_per90_ast,mean_per90_g_a,mean_per90_gls,mean_starts,median_ast,median_crdr,median_crdy,median_g_plus_a,median_gls,median_minutes,median_mp,median_per90_ast,median_per90_g_a,median_per90_gls,median_starts,std_ast,std_crdr,std_crdy,std_g_plus_a,std_gls,std_minutes,std_mp,std_per90_ast,std_per90_g_a,std_per90_gls,std_starts
Arsenal,2.5,0.2727272727272727,3.1818181818181817,5.545454545454546,3.0454545454545454,1698.909090909091,25.318181818181817,0.13136363636363638,0.3063636363636364,0.1745454545454546,19.0,2.0,0.0,3.5,3.5,2.5,1657.5,25.5,0.11,0.31,0.125,18.5,2.939873661036668,0.5504818825631804,1.9182423412211709,5.133709999111593,2.902827402104184,941.3754834633207,8.202127271317593,0.13826459983343375,0.22421387439643756,0.15894674977510317,10.770329614269007
Aston Villa,1.6071428571428572,0.14285714285714285,2.7142857142857144,3.607142857142857,2.0,1339.392857142857,21.0,0.08214285714285714,0.24500000000000002,0.16285714285714284,14.928571428571429,0.0,0.0,2.0,2.5,1.0,1129.5,22.0,0.0,0.12,0.045,11.0,2.698961195421589,0.35634832254989923,2.4014986502589935,5.560037874333336,3.4210676262979227,1020.8061207905183,11.238162496435807,0.11425627927819702,0.31510727156413354,0.26922188484672505,12.563700125622262
Bournemouth,1.7083333333333333,0.125,4.041666666666667,4.083333333333333,2.375,1558.25,23.666666666666668,0.09375,0.25,0.15583333333333335,17.375,1.0,0.0,3.0,2.0,1.0,1764.5,28.5,0.05500000000000001,0.19,0.04,19.5,2.01038968030247,0.3378319623460881,3.209756413169706,5.2329779257144295,3.70443330172869,1112.1033440405108,10.97691913166843,0.10789739489944583,0.27436884092324554,0.21313226484706763,12.873337798992013
Brentford,2.0,0.045454545454545456,2.8181818181818183,4.954545454545454,2.9545454545454546,1702.3636363636363,24.545454545454547,0.08636363636363636,0.19409090909090906,0.10818181818181817,19.0,1.5,0.0,2.0,2.0,0.0,1681.5,27.5,0.08,0.125,0.0,19.0,2.5634797778466227,0.2132007163556105,2.301890809465405,7.543381032574015,5.907842025866755,1238.9361621378293,12.666894506950644,0.09052994529806696,0.23651556056549508,0.19007858935153674,14.664502004760307
Brighton,1.4642857142857142,0.10714285714285714,2.7857142857142856,3.75,2.2857142857142856,1339.642857142857,21.214285714285715,0.09214285714285712,0.22964285714285712,0.1375,14.928571428571429,1.0,0.0,2.0,2.0,1.0,1056.0,23.0,0.03,0.15500000000000003,0.095,11.5,1.710147120748146,0.314970394174356,2.6297041497750113,4.687453703475078,3.1723007523707563,946.3533994305492,10.83327228310026,0.12482156576659051,0.23230698308818526,0.14584682477276045,10.721831557978886
Chelsea,1.8076923076923077,0.07692307692307693,3.8846153846153846,4.153846153846154,2.3461538461538463,1441.6153846153845,21.26923076923077,0.115,0.24307692307692305,0.12615384615384614,16.076923076923077,1.0,0.0,2.5,2.0,1.0,1117.5,20.5,0.07,0.15000000000000002,0.06,13.0,2.2981597989562133,0.271746488194703,3.4097146282575967,5.738935843463022,3.6654310272305786,1125.1496283400916,12.343606255248721,0.12646738710039043,0.25593388569346154,0.15344254750431963,12.902474419809797
Crystal Palace,1.7272727272727273,0.18181818181818182,3.5,3.909090909090909,2.1818181818181817,1690.8636363636363,25.136363636363637,0.09818181818181819,0.23363636363636361,0.13636363636363635,18.863636363636363,1.0,0.0,2.0,2.0,1.0,1743.0,31.0,0.05,0.14500000000000002,0.04,19.0,2.2924683760984044,0.3947710169758613,3.446875742023838,5.1446605784572865,3.567530340063379,1183.0935757964833,12.06054351829593,0.14782990108120772,0.3003735048639318,0.1830572498153425,14.119542197304837
Everton,1.2272727272727273,0.09090909090909091,3.6363636363636362,3.0,1.7727272727272727,1700.2272727272727,24.5,0.08227272727272728,0.1809090909090909,0.09863636363636362,18.954545454545453,1.0,0.0,4.0,2.0,1.0,1582.5,25.5,0.05,0.1,0.035,17.0,1.4778303975702638,0.29424494316824984,2.3613042107609887,2.8619008002508037,2.5058373409343195,960.5369000531089,9.743129447388627,0.11351239991765188,0.185238818592162,0.13317712711328167,11.21426503430966
Fulham,1.9130434782608696,0.08695652173913043,3.4782608695652173,4.217391304347826,2.3043478260869565,1632.3478260869565,25.695652173913043,0.09391304347826088,0.24608695652173915,0.15130434782608695,18.17391304347826,1.0,0.0,3.0,2.0,0.0,1772.0,29.0,0.08,0.1,0.0,18.0,2.62701080522159,0.28810406552003043,3.0876523181771396,4.8799825049903465,3.495903870748992,1057.4455330351386,10.381078865848787,0.10907625066208511,0.28025538889368845,0.22287999926226273,12.604660660078528
Ipswich Town,0.8666666666666667,0.16666666666666666,3.1,2.033333333333333,1.1666666666666667,1245.7666666666667,19.766666666666666,0.06266666666666668,0.14766666666666664,0.08566666666666668,13.933333333333334,0.5,0.0,2.0,1.5,0.0,1081.0,18.5,0.015,0.095,0.0,12.0,1.0742546199601597,0.3790490217894517,2.844838035508501,2.760351468542558,2.3205726601992813,868.0861900372182,9.978194617068358,0.09066548342703232,0.1692311892125646,0.13808251739157787,10.42521258638232
Leicester City,0.9259259259259259,0.0,3.2222222222222223,2.1481481481481484,1.2222222222222223,1391.2222222222222,21.296296296296298,0.05555555555555555,0.1188888888888889,0.06407407407407407,15.481481481481481,0.0,0.0,3.0,1.0,0.0,1391.0,23.0,0.0,0.05,0.0,14.0,1.3846945213219115,0.0,2.70801280154532,3.0090083173914715,2.1543039806456377,890.90974822772,10.384214406102604,0.08491322871176442,0.140118997046558,0.09712241519218687,10.746628703459912
Liverpool,2.9545454545454546,0.13636363636363635,3.0454545454545454,6.818181818181818,3.8636363636363638,1704.4545454545455,26.40909090909091,0.14181818181818182,0.30500000000000005,0.16363636363636366,19.0,2.0,0.0,2.5,3.5,1.0,1823.5,30.5,0.135,0.175,0.06,21.0,3.92157976825512,0.3512500866571044,2.3999458868358383,10.358508642594323,6.664014624015385,1070.0106687172945,10.381572919218758,0.14204748916291754,0.33400527512230077,0.21907914322379254,12.9320568835006
Manchester City,2.04,0.08,2.36,4.88,2.84,1498.6,21.6,0.09960000000000001,0.276,0.17560000000000003,16.68,0.0,0.0,2.0,3.0,1.0,1674.0,26.0,0.0,0.27,0.12,19.0,2.6689573494781316,0.27688746209726917,1.7767010628315238,5.55517776493246,4.588754369833568,853.5777644714042,9.86154146165801,0.13538463723776045,0.24696490978814514,0.22289908030317218,9.60780932366999
Manchester Utd,0.9666666666666667,0.1,2.8666666666666667,2.3666666666666667,1.4,1248.6666666666667,19.233333333333334,0.04200000000000001,0.11466666666666668,0.07233333333333333,13.933333333333334,0.0,0.0,2.5,0.5,0.0,1113.0,20.5,0.0,0.015,0.0,12.0,2.1412747304501507,0.4025778999364487,2.6357402066177933,4.222136518589752,2.3430013172027437,956.9166840586934,11.810817173204002,0.08006032208537381,0.17653237142495862,0.11202473043879667,11.08255333872782
Newcastle United,2.1739130434782608,0.043478260869565216,2.9565217391304346,5.043478260869565,2.869565217391304,1632.0,25.17391304347826,0.1,0.2417391304347826,0.1426086956521739,18.17391304347826,1.0,0.0,2.0,2.0,0.0,1755.0,28.0,0.03,0.17,0.0,17.0,2.96421343105083,0.20851441405707477,3.3094665990096463,7.400726382466946,5.207550006970535,1131.2544123469952,10.696865190381047,0.12328828005937953,0.27749942135751376,0.2195908880230844,13.563494367110575
Nottingham Forest,1.9090909090909092,0.09090909090909091,4.090909090909091,4.5,2.590909090909091,1707.6818181818182,26.5,0.08590909090909092,0.20136363636363636,0.11636363636363636,19.0,1.0,0.0,3.5,1.5,1.0,1939.0,32.5,0.05,0.14500000000000002,0.06,20.5,2.8769873612958885,0.29424494316824984,3.462851713738547,6.246903995085048,4.447140235820799,1204.8389889016246,11.915376220505607,0.10549922549519773,0.20072002425898655,0.15472080706397617,14.438704598273022
Southampton,0.5333333333333333,0.1,2.8666666666666667,1.3666666666666667,0.8333333333333334,1244.5666666666666,19.6,0.04066666666666666,0.096,0.05400000000000001,13.9,0.0,0.0,2.0,1.0,0.5,1161.5,19.5,0.0,0.06,0.015,13.0,0.9371024061116424,0.4025778999364487,3.170264139254595,1.5421286974634216,1.0531834608931392,907.7739230680174,11.112589939902119,0.09573430665787663,0.12563219442428786,0.07946371976330262,10.476081130941521
Tottenham Hotspur,1.7037037037037037,0.037037037037037035,2.6666666666666665,3.962962962962963,2.259259259259259,1387.7777777777778,21.037037037037038,0.1062962962962963,0.23333333333333328,0.1262962962962963,15.444444444444445,1.0,0.0,2.0,2.0,1.0,1408.0,24.0,0.07,0.13,0.05,16.0,2.3828685817859694,0.19245008972987526,2.511511956509924,5.214487816735523,3.3234897390520173,687.9796694968722,9.30459556216704,0.13734146519779838,0.26566317598967887,0.1844565437283712,8.172812967080048
West Ham United,1.16,0.12,3.28,2.88,1.72,1500.32,23.48,0.078,0.1672,0.08839999999999999,16.72,1.0,0.0,2.0,1.0,0.0,1160.0,23.0,0.04,0.08,0.0,14.0,1.8411952639521967,0.33166247903553997,2.922898105191718,4.675467891024384,3.1559467676119004,978.8316045163233,9.238145557054908,0.13444329659748752,0.23938323528044592,0.12518919016166424,11.570508487817927
Wolves,1.75,0.08333333333333333,3.2916666666666665,3.9583333333333335,2.2083333333333335,1558.4166666666667,23.75,0.09125000000000001,0.20375,0.11333333333333333,17.333333333333332,1.0,0.0,2.5,2.0,1.0,1387.0,27.0,0.03,0.125,0.065,15.5,2.345207879911715,0.28232985128663995,2.9851686525317076,5.629728286490401,3.977973775971737,966.0245706059928,10.653637876331258,0.11847995611072785,0.22787892475572658,0.15392450624636875,11.860297916438132
