id,player,nation,pos,squad,age,born,mp,starts,minutes,min_90s,gls,ast,g_plus_a,g_minus_pk,pk,pkatt,crdy,crdr,per90_gls,per90_ast,per90_g_a,per90_g_minus_pk,per90_g_a_minus_pk,cluster
1,Joshua Acheampong,eng ENG,DF,Chelsea,18,2006,4,2,170,1.9,0,0,0,0,0,0,1,0,0.0,0.0,0.0,0.0,0.0,0
2,Tyler Adams,us USA,MF,Bournemouth,25,1999,28,21,1965,21.8,0,3,3,0,0,0,7,0,0.0,0.14,0.14,0.0,0.14,0
3,Tosin Adarabioyo,eng ENG,DF,Chelsea,26,1997,22,15,1409,15.7,1,1,2,1,0,0,4,0,0.06,0.06,0.13,0.06,0.13,0
4,Simon Adingra,ci CIV,MF,Brighton,22,2002,29,12,1097,12.2,2,2,4,2,0,0,0,0,0.16,0.16,0.33,0.16,0.33,0
5,Emmanuel Agbadou,ci CIV,DF,Wolves,27,1997,16,16,1410,15.7,1,0,1,1,0,0,3,0,0.06,0.0,0.06,0.06,0.06,0
6,Ola Aina,ng NGA,DF,Nottingham Forest,27,1996,35,35,2995,33.3,2,1,3,2,0,0,5,0,0.06,0.03,0.09,0.06,0.09,0
7,Rayan Aït-Nouri,dz ALG,"MF,DF",Wolves,23,2001,37,37,3109,34.5,4,7,11,4,0,0,7,1,0.12,0.2,0.32,0.12,0.32,1
8,Kristoffer Ajer,no NOR,DF,Brentford,26,1998,24,17,1438,16.0,0,0,0,0,0,0,5,0,0.0,0.0,0.0,0.0,0.0,0
9,Manuel Akanji,ch SUI,"DF,MF",Manchester City,29,1995,26,23,2014,22.4,0,0,0,0,0,0,3,0,0.0,0.0,0.0,0.0,0.0,0
10,Nathan Aké,nl NED,DF,Manchester City,29,1995,10,8,678,7.5,0,0,0,0,0,0,0,0,0.0,0.0,0.0,0.0,0.0,0
11,Carlos Alcaraz,ar ARG,MF,Everton,21,2002,15,7,764,8.5,2,3,5,2,0,0,4,0,0.24,0.35,0.59,0.24,0.59,1
12,Trent Alexander-Arnold,eng ENG,DF,Liverpool,25,1998,33,28,2365,26.3,3,6,9,3,0,0,5,0,0.11,0.23,0.34,0.11,0.34,1
13,Alisson,br BRA,GK,Liverpool,31,1992,28,28,2508,27.9,0,0,0,0,0,0,0,0,0.0,0.0,0.0,0.0,0.0,0
14,Miguel Almirón,py PAR,FW,Newcastle United,30,1994,9,1,157,1.7,0,0,0,0,0,0,0,0,0.0,0.0,0.0,0.0,0.0,0
15,Edson Álvarez,mx MEX,MF,West Ham United,26,1997,28,20,1772,19.7,0,1,1,0,0,0,9,1,0.0,0.05,0.05,0.0,0.05,0
16,Harry Amass,eng ENG,MF,Manchester Utd,17,2007,5,4,346,3.8,0,0,0,0,0,0,0,0,0.0,0.0,0.0,0.0,0.0,0
17,Joachim Andersen,dk DEN,DF,Fulham,28,1996,29,29,2583,28.7,0,0,0,0,0,0,6,1,0.0,0.0,0.0,0.0,0.0,0
18,Elliot Anderson,eng ENG,MF,Nottingham Forest,21,2002,37,33,2728,30.3,2,6,8,2,0,0,10,0,0.07,0.2,0.26,0.07,0.26,1
19,André,br BRA,MF,Wolves,23,2001,33,31,2472,27.5,0,0,0,0,0,0,7,0,0.0,0.0,0.0,0.0,0.0,0
20,Michail Antonio,jm JAM,FW,West Ham United,34,1990,14,11,836,9.3,1,1,2,1,0,0,1,0,0.11,0.11,0.22,0.11,0.22,0
21,Antony,br BRA,"FW,MF",Manchester Utd,24,2000,8,0,141,1.6,0,0,0,0,0,0,0,0,0.0,0.0,0.0,0.0,0.0,0
22,Julian Araujo,mx MEX,DF,Bournemouth,22,2001,12,7,497,5.5,0,0,0,0,0,0,2,0,0.0,0.0,0.0,0.0,0.0,0
23,Cameron Archer,eng ENG,FW,Southampton,23,2001,35,13,1441,16.0,2,0,2,2,0,1,0,0,0.12,0.0,0.12,0.12,0.12,0
24,Alphonse Areola,fr FRA,GK,West Ham United,31,1993,26,25,2260,25.1,0,0,0,0,0,0,0,0,0.0,0.0,0.0,0.0,0.0,0
25,Joe Aribo,ng NGA,MF,Southampton,28,1996,32,21,2013,22.4,3,0,3,3,0,0,1,0,0.13,0.0,0.13,0.13,0.13,0
26,Adam Armstrong,eng ENG,"FW,MF",Southampton,27,1997,20,15,1248,13.9,2,2,4,2,0,1,4,0,0.14,0.14,0.29,0.14,0.29,0
27,Kepa Arrizabalaga,es ESP,GK,Bournemouth,29,1994,31,31,2790,31.0,0,0,0,0,0,0,3,0,0.0,0.0,0.0,0.0,0.0,0
28,Marco Asensio,es ESP,MF,Aston Villa,28,1996,13,9,743,8.3,3,1,4,3,0,2,2,0,0.36,0.12,0.48,0.36,0.48,1
29,Taiwo Awoniyi,ng NGA,FW,Nottingham Forest,26,1997,26,3,416,4.6,1,0,1,1,0,0,0,0,0.22,0.0,0.22,0.22,0.22,0
30,Yasin Ayari,se SWE,MF,Brighton,20,2003,34,22,1965,21.8,2,1,3,2,0,0,3,0,0.09,0.05,0.14,0.09,0.14,0
31,Jordan Ayew,gh GHA,MF,Leicester City,32,1991,30,19,1638,18.2,5,0,5,4,1,1,5,0,0.27,0.0,0.27,0.22,0.22,0
32,Benoît Badiashile,fr FRA,DF,Chelsea,23,2001,5,3,334,3.7,0,0,0,0,0,0,0,0,0.0,0.0,0.0,0.0,0.0,0
33,Leon Bailey,jm JAM,MF,Aston Villa,26,1997,24,14,1139,12.7,1,2,3,1,0,0,3,0,0.08,0.16,0.24,0.08,0.24,0
34,Carlos Baleba,cm CMR,MF,Brighton,20,2004,34,31,2661,29.6,3,1,4,3,0,0,8,1,0.1,0.03,0.14,0.1,0.14,0
35,Ross Barkley,eng ENG,MF,Aston Villa,30,1993,20,3,581,6.5,3,1,4,3,0,0,3,0,0.46,0.15,0.62,0.46,0.62,1
36,Harvey Barnes,eng ENG,"FW,MF",Newcastle United,26,1997,33,17,1755,19.5,9,4,13,9,0,0,0,0,0.46,0.21,0.67,0.46,0.67,1
37,Calvin Bassey,ng NGA,DF,Fulham,24,1999,35,34,3074,34.2,1,0,1,1,0,0,7,0,0.03,0.0,0.03,0.03,0.03,0
38,Altay Bayındır,tr TUR,GK,Manchester Utd,26,1998,4,4,360,4.0,0,0,0,0,0,0,0,0,0.0,0.0,0.0,0.0,0.0,0
39,Jan Bednarek,pl POL,DF,Southampton,28,1996,30,30,2531,28.1,2,0,2,2,0,0,7,0,0.07,0.0,0.07,0.07,0.07,0
40,Armel Bella Kotchap,de GER,DF,Southampton,22,2001,4,2,331,3.7,0,0,0,0,0,0,0,0,0.0,0.0,0.0,0.0,0.0,0
41,Jean-Ricner Bellegarde,ht HAI,MF,Wolves,26,1998,35,20,1677,18.6,2,7,9,2,0,0,3,0,0.11,0.38,0.48,0.11,0.48,1
42,Rodrigo Bentancur,uy URU,MF,Tottenham Hotspur,27,1997,26,21,1645,18.3,2,0,2,2,0,0,9,0,0.11,0.0,0.11,0.11,0.11,0
43,Daniel Bentley,eng ENG,GK,Wolves,31,1993,2,2,180,2.0,0,0,0,0,0,0,0,0,0.0,0.0,0.0,0.0,0.0,0
44,Sander Berge,no NOR,MF,Fulham,26,1998,31,26,2224,24.7,0,0,0,0,0,0,6,0,0.0,0.0,0.0,0.0,0.0,0
45,Lucas Bergvall,se SWE,MF,Tottenham Hotspur,18,2006,27,11,1212,13.5,0,1,1,0,0,0,3,0,0.0,0.07,0.07,0.0,0.07,0
46,Victor Bernth Kristiansen,dk DEN,"DF,MF",Leicester City,21,2002,30,29,2482,27.6,0,1,1,0,0,0,1,0,0.0,0.04,0.04,0.0,0.04,0
47,Beto,gw GNB,FW,Everton,26,1998,30,15,1534,17.0,8,0,8,8,0,0,2,0,0.47,0.0,0.47,0.47,0.47,1
48,Philip Billing,dk DEN,MF,Bournemouth,28,1996,10,1,184,2.0,0,0,0,0,0,0,1,0,0.0,0.0,0.0,0.0,0.0,0
49,Yves Bissouma,ml MLI,MF,Tottenham Hotspur,27,1996,28,16,1408,15.6,2,0,2,2,0,0,7,0,0.13,0.0,0.13,0.13,0.13,0
50,Lamare Bogarde,nl NED,"DF,MF",Aston Villa,20,2004,8,5,476,5.3,0,0,0,0,0,0,2,0,0.0,0.0,0.0,0.0,0.0,0
51,Willy Boly,ci CIV,DF,Nottingham Forest,33,1991,6,1,150,1.7,0,0,0,0,0,0,1,0,0.0,0.0,0.0,0.0,0.0,0
52,Sven Botman,nl NED,DF,Newcastle United,24,2000,8,6,412,4.6,0,0,0,0,0,0,1,0,0.0,0.0,0.0,0.0,0.0,0
53,Jarrod Bowen,eng ENG,"MF,FW",West Ham United,27,1996,34,34,2973,33.0,13,8,21,12,1,1,1,0,0.39,0.24,0.64,0.36,0.61,1
54,Conor Bradley,nir NIR,DF,Liverpool,21,2003,19,7,754,8.4,0,2,2,0,0,0,4,0,0.0,0.24,0.24,0.0,0.24,0
55,Jarrad Branthwaite,eng ENG,DF,Everton,22,2002,30,28,2511,27.9,0,1,1,0,0,0,4,0,0.0,0.04,0.04,0.0,0.04,0
56,James Bree,eng ENG,"DF,MF",Southampton,26,1997,17,13,1075,11.9,0,1,1,0,0,0,0,0,0.0,0.08,0.08,0.0,0.08,0
57,Ben Brereton,cl CHI,"FW,MF",Southampton,25,1999,10,4,449,5.0,0,0,0,0,0,0,1,0,0.0,0.0,0.0,0.0,0.0,0
58,Nathan Broadhead,wls WAL,MF,Ipswich Town,26,1998,18,7,702,7.8,2,0,2,2,0,0,1,0,0.26,0.0,0.26,0.26,0.26,0
59,Armando Broja,al ALB,FW,Everton,22,2001,10,4,334,3.7,0,0,0,0,0,0,1,0,0.0,0.0,0.0,0.0,0.0,0
60,David Brooks,wls WAL,MF,Bournemouth,27,1997,29,9,960,10.7,2,0,2,2,0,0,3,0,0.19,0.0,0.19,0.19,0.19,0
61,Emi Buendía,ar ARG,"FW,MF",Aston Villa,27,1996,12,0,98,1.1,0,0,0,0,0,0,1,0,0.0,0.0,0.0,0.0,0.0,0
62,Santiago Bueno,uy URU,DF,Wolves,25,1998,29,18,1687,18.7,0,0,0,0,0,0,2,0,0.0,0.0,0.0,0.0,0.0,0
63,Facundo Buonanotte,ar ARG,"MF,FW",Leicester City,19,2004,31,14,1523,16.9,5,2,7,5,0,0,8,0,0.3,0.12,0.41,0.3,0.41,1
64,Cameron Burgess,au AUS,DF,Ipswich Town,28,1995,18,16,1541,17.1,0,2,2,0,0,0,0,0,0.0,0.12,0.12,0.0,0.12,0
65,Dan Burn,eng ENG,DF,Newcastle United,32,1992,37,37,3330,37.0,1,1,2,1,0,0,11,0,0.03,0.03,0.05,0.03,0.05,0
66,Wes Burns,wls WAL,MF,Ipswich Town,29,1994,18,12,926,10.3,0,1,1,0,0,0,1,0,0.0,0.1,0.1,0.0,0.1,0
67,Moisés Caicedo,ec ECU,"MF,DF",Chelsea,22,2001,38,38,3351,37.2,1,2,3,1,0,0,11,0,0.03,0.05,0.08,0.03,0.08,0
68,Tom Cairney,sct SCO,MF,Fulham,33,1991,25,3,628,7.0,2,0,2,2,0,0,3,1,0.29,0.0,0.29,0.29,0.29,0
69,Jens Cajuste,se SWE,MF,Ipswich Town,24,1999,30,25,1959,21.8,1,1,2,1,0,0,2,0,0.05,0.05,0.09,0.05,0.09,0
70,Riccardo Calafiori,it ITA,DF,Arsenal,22,2002,19,11,983,10.9,2,1,3,2,0,0,4,0,0.18,0.09,0.27,0.18,0.27,0
71,Dominic Calvert-Lewin,eng ENG,FW,Everton,27,1997,26,19,1609,17.9,3,1,4,3,0,0,2,0,0.17,0.06,0.22,0.17,0.22,0
72,Diego Carlos,br BRA,DF,Aston Villa,31,1993,10,8,830,9.2,0,0,0,0,0,0,1,0,0.0,0.0,0.0,0.0,0.0,0
73,Fabio Carvalho,pt POR,"FW,MF",Brentford,21,2002,19,3,455,5.1,2,1,3,2,0,0,1,0,0.4,0.2,0.59,0.4,0.59,1
74,Casemiro,br BRA,MF,Manchester Utd,32,1992,24,18,1494,16.6,1,0,1,1,0,0,5,0,0.06,0.0,0.06,0.06,0.06,0
75,Matty Cash,pl POL,DF,Aston Villa,26,1997,27,24,2070,23.0,1,1,2,1,0,0,7,0,0.04,0.04,0.09,0.04,0.09,0
76,Timothy Castagne,be BEL,"DF,MF",Fulham,28,1995,24,17,1649,18.3,0,1,1,0,0,0,1,0,0.0,0.05,0.05,0.0,0.05,0
77,Trevoh Chalobah,eng ENG,DF,Chelsea,25,1999,13,11,910,10.1,0,1,1,0,0,0,2,0,0.0,0.1,0.1,0.0,0.1,0
78,Trevoh Chalobah,eng ENG,DF,Crystal Palace,25,1999,12,12,1060,11.8,3,0,3,3,0,0,1,0,0.25,0.0,0.25,0.25,0.25,0
79,Conor Chaplin,eng ENG,"MF,FW",Ipswich Town,27,1997,22,10,857,9.5,1,1,2,1,0,0,2,0,0.11,0.11,0.21,0.11,0.21,0
80,Federico Chiesa,it ITA,FW,Liverpool,26,1997,6,1,108,1.2,0,0,0,0,0,0,0,0,0.0,0.0,0.0,0.0,0.0,0
81,Ben Chilwell,eng ENG,MF,Crystal Palace,27,1996,8,1,259,2.9,1,0,1,1,0,0,1,0,0.35,0.0,0.35,0.35,0.35,0
82,Hamza Choudhury,bd BAN,MF,Leicester City,26,1997,4,1,131,1.5,0,0,0,0,0,0,0,0,0.0,0.0,0.0,0.0,0.0,0
83,Ryan Christie,sct SCO,MF,Bournemouth,29,1995,29,27,2117,23.5,2,3,5,2,0,0,9,0,0.09,0.13,0.21,0.09,0.21,0
84,Harry Clarke,eng ENG,DF,Ipswich Town,23,2001,7,4,379,4.2,0,0,0,0,0,0,3,1,0.0,0.0,0.0,0.0,0.0,0
85,Jack Clarke,eng ENG,MF,Ipswich Town,23,2000,32,12,1181,13.1,0,4,4,0,0,0,2,0,0.0,0.3,0.3,0.0,0.3,0
86,Nathaniel Clyne,eng ENG,"DF,MF",Crystal Palace,33,1991,13,5,483,5.4,0,0,0,0,0,0,1,0,0.0,0.0,0.0,0.0,0.0,0
87,Conor Coady,eng ENG,DF,Leicester City,31,1993,22,19,1714,19.0,1,0,1,1,0,0,3,0,0.05,0.0,0.05,0.05,0.05,0
88,Séamus Coleman,ie IRL,DF,Everton,35,1988,5,3,215,2.4,0,0,0,0,0,0,1,0,0.0,0.0,0.0,0.0,0.0,0
89,Nathan Collins,ie IRL,DF,Brentford,23,2001,38,38,3420,38.0,2,3,5,2,0,0,5,0,0.05,0.08,0.13,0.05,0.13,0
90,Toby Collyer,eng ENG,MF,Manchester Utd,20,2004,6,0,179,2.0,0,0,0,0,0,0,0,0,0.0,0.0,0.0,0.0,0.0,0
91,Levi Colwill,eng ENG,DF,Chelsea,21,2003,35,35,3149,35.0,2,1,3,2,0,0,9,0,0.06,0.03,0.09,0.06,0.09,0
92,Lewis Cook,eng ENG,"MF,DF",Bournemouth,27,1997,36,32,2978,33.1,1,3,4,1,0,0,8,1,0.03,0.09,0.12,0.03,0.12,0
93,Vladimír Coufal,cz CZE,"DF,MF",West Ham United,31,1992,22,11,1067,11.9,0,0,0,0,0,0,5,0,0.0,0.0,0.0,0.0,0.0,0
94,Woyo Coulibaly,ml MLI,DF,Leicester City,25,1999,4,1,109,1.2,0,0,0,0,0,0,1,0,0.0,0.0,0.0,0.0,0.0,0
95,Aaron Cresswell,eng ENG,DF,West Ham United,34,1989,18,10,824,9.2,0,0,0,0,0,0,3,0,0.0,0.0,0.0,0.0,0.0,0
96,Marc Cucurella,es ESP,DF,Chelsea,26,1998,36,33,2988,33.2,5,1,6,5,0,0,10,1,0.15,0.03,0.18,0.15,0.18,0
97,Jorge Cuenca,es ESP,DF,Fulham,24,1999,8,4,351,3.9,0,0,0,0,0,0,0,0,0.0,0.0,0.0,0.0,0.0,0
98,Matheus Cunha,br BRA,MF,Wolves,25,1999,33,29,2597,28.9,15,6,21,15,0,0,4,0,0.52,0.21,0.73,0.52,0.73,1
99,Patson Daka,zm ZAM,"MF,FW",Leicester City,25,1998,23,6,736,8.2,1,0,1,1,0,0,0,0,0.12,0.0,0.12,0.12,0.12,0
100,Diogo Dalot,pt POR,"MF,DF",Manchester Utd,25,1999,33,31,2814,31.3,0,3,3,0,0,0,5,0,0.0,0.1,0.1,0.0,0.1,0
101,Mikkel Damsgaard,dk DEN,MF,Brentford,24,2000,38,34,2911,32.3,2,10,12,2,0,0,2,0,0.06,0.31,0.37,0.06,0.37,1
102,Kevin Danso,at AUT,DF,Tottenham Hotspur,25,1998,10,9,842,9.4,0,0,0,0,0,0,0,0,0.0,0.0,0.0,0.0,0.0,0
103,Ben Davies,wls WAL,DF,Tottenham Hotspur,31,1993,17,14,1331,14.8,0,0,0,0,0,0,5,0,0.0,0.0,0.0,0.0,0.0,0
104,Leif Davis,eng ENG,DF,Ipswich Town,24,1999,33,32,2743,30.5,1,2,3,1,0,0,5,1,0.03,0.07,0.1,0.03,0.1,0
105,Craig Dawson,eng ENG,DF,Wolves,34,1990,15,10,971,10.8,0,0,0,0,0,0,2,0,0.0,0.0,0.0,0.0,0.0,0
106,Kevin De Bruyne,be BEL,"MF,FW",Manchester City,33,1991,28,19,1702,18.9,4,7,11,4,0,0,2,0,0.21,0.37,0.58,0.21,0.58,1
107,Bobby De Cordova-Reid,jm JAM,"MF,FW",Leicester City,31,1993,23,9,744,8.3,1,2,3,1,0,0,2,0,0.12,0.24,0.36,0.12,0.36,0
108,Liam Delap,eng ENG,FW,Ipswich Town,21,2003,37,32,2593,28.8,12,2,14,10,2,2,12,0,0.42,0.07,0.49,0.35,0.42,1
109,Sepp van den Berg,nl NED,DF,Brentford,22,2001,31,29,2586,28.7,0,0,0,0,0,0,3,0,0.0,0.0,0.0,0.0,0.0,0
110,Justin Devenny,nir NIR,MF,Crystal Palace,20,2003,23,4,507,5.6,1,1,2,1,0,0,1,0,0.18,0.18,0.36,0.18,0.36,0
111,Kiernan Dewsbury-Hall,eng ENG,MF,Chelsea,25,1998,13,2,264,2.9,0,1,1,0,0,0,0,0,0.0,0.34,0.34,0.0,0.34,0
112,Amad Diallo,ci CIV,"MF,FW",Manchester Utd,22,2002,26,20,1901,21.1,8,6,14,8,0,0,5,0,0.38,0.28,0.66,0.38,0.66,1
113,Rúben Dias,pt POR,"DF,MF",Manchester City,27,1997,27,25,2271,25.2,0,0,0,0,0,0,4,0,0.0,0.0,0.0,0.0,0.0,0
114,Luis Díaz,co COL,"FW,MF",Liverpool,27,1997,36,28,2399,26.7,13,5,18,13,0,0,2,0,0.49,0.19,0.68,0.49,0.68,1
115,Tyler Dibling,eng ENG,"MF,FW",Southampton,18,2006,33,20,1874,20.8,2,0,2,2,0,0,6,0,0.1,0.0,0.1,0.1,0.1,0
116,Lucas Digne,fr FRA,DF,Aston Villa,31,1993,32,28,2351,26.1,0,4,4,0,0,0,4,0,0.0,0.15,0.15,0.0,0.15,0
117,Issa Diop,ma MAR,DF,Fulham,27,1997,21,15,1339,14.9,0,0,0,0,0,0,2,0,0.0,0.0,0.0,0.0,0.0,0
118,Axel Disasi,fr FRA,DF,Aston Villa,26,1998,7,5,490,5.4,0,0,0,0,0,0,2,0,0.0,0.0,0.0,0.0,0.0,0
119,Axel Disasi,fr FRA,DF,Chelsea,26,1998,6,4,364,4.0,1,0,1,1,0,0,1,0,0.25,0.0,0.25,0.25,0.25,0
120,Matt Doherty,ie IRL,"DF,MF",Wolves,32,1992,30,25,2109,23.4,2,1,3,2,0,0,6,0,0.09,0.04,0.13,0.09,0.13,0
121,Jeremy Doku,be BEL,"MF,FW",Manchester City,22,2002,29,16,1516,16.8,3,6,9,3,0,0,1,0,0.18,0.36,0.53,0.18,0.53,1
122,Nicolás Domínguez,ar ARG,MF,Nottingham Forest,26,1998,34,23,1963,21.8,0,1,1,0,0,0,9,0,0.0,0.05,0.05,0.0,0.05,0
123,Patrick Dorgu,dk DEN,MF,Manchester Utd,19,2004,12,10,842,9.4,0,0,0,0,0,0,3,1,0.0,0.0,0.0,0.0,0.0,0
124,Abdoulaye Doucouré,ml MLI,MF,Everton,31,1993,33,31,2564,28.5,3,2,5,3,0,0,5,1,0.11,0.07,0.18,0.11,0.18,0
125,Cheick Doucouré,ml MLI,MF,Crystal Palace,24,2000,13,4,452,5.0,0,0,0,0,0,0,1,0,0.0,0.0,0.0,0.0,0.0,0
126,Flynn Downes,eng ENG,MF,Southampton,25,1999,27,25,2151,23.9,1,0,1,1,0,0,12,0,0.04,0.0,0.04,0.04,0.04,0
127,Tommy Doyle,eng ENG,MF,Wolves,22,2001,24,3,488,5.4,0,1,1,0,0,0,1,0,0.0,0.18,0.18,0.0,0.18,0
128,Radu Drăgușin,ro ROU,DF,Tottenham Hotspur,22,2002,16,14,1252,13.9,0,0,0,0,0,0,1,0,0.0,0.0,0.0,0.0,0.0,0
129,Martin Dúbravka,sk SVK,GK,Newcastle United,35,1989,10,10,900,10.0,0,0,0,0,0,0,0,0,0.0,0.0,0.0,0.0,0.0,0
130,Lewis Dunk,eng ENG,DF,Brighton,32,1991,25,23,2083,23.1,0,0,0,0,0,0,5,0,0.0,0.0,0.0,0.0,0.0,0
131,Jáder Durán,co COL,FW,Aston Villa,20,2003,20,4,638,7.1,7,0,7,7,0,0,3,1,0.99,0.0,0.99,0.99,0.99,1
132,Ederson,br BRA,GK,Manchester City,30,1993,26,26,2320,25.8,0,4,4,0,0,0,4,0,0.0,0.16,0.16,0.0,0.16,0
133,Odsonne Édouard,fr FRA,MF,Crystal Palace,26,1998,2,1,115,1.3,0,0,0,0,0,0,0,0,0.0,0.0,0.0,0.0,0.0,0
134,Anthony Elanga,se SWE,"MF,FW",Nottingham Forest,22,2002,38,31,2501,27.8,6,11,17,6,0,0,1,0,0.22,0.4,0.61,0.22,0.61,1
135,Harvey Elliott,eng ENG,MF,Liverpool,21,2003,18,2,371,4.1,1,2,3,1,0,0,1,0,0.24,0.49,0.73,0.24,0.73,1
136,Julio Enciso,py PAR,MF,Ipswich Town,20,2004,13,12,869,9.7,2,3,5,2,0,0,3,0,0.21,0.31,0.52,0.21,0.52,1
137,Julio Enciso,py PAR,MF,Brighton,20,2004,12,2,294,3.3,0,0,0,0,0,0,0,0,0.0,0.0,0.0,0.0,0.0,0
138,Wataru Endo,jp JPN,MF,Liverpool,31,1993,20,1,273,3.0,0,0,0,0,0,0,0,0,0.0,0.0,0.0,0.0,0.0,0
139,Christian Eriksen,dk DEN,MF,Manchester Utd,32,1992,23,11,1061,11.8,1,2,3,0,1,1,4,0,0.08,0.17,0.25,0.0,0.17,0
140,Romain Esse,eng ENG,MF,Crystal Palace,19,2005,7,1,138,1.5,1,1,2,1,0,0,0,0,0.65,0.65,1.3,0.65,1.3,1
141,Pervis Estupiñán,ec ECU,DF,Brighton,26,1998,30,26,2402,26.7,1,1,2,1,0,0,5,0,0.04,0.04,0.07,0.04,0.07,0
142,Evanilson,br BRA,FW,Bournemouth,24,1999,31,28,2319,25.8,10,1,11,10,0,1,1,1,0.39,0.04,0.43,0.39,0.43,1
143,Jonny Evans,nir NIR,DF,Manchester Utd,36,1988,7,3,315,3.5,0,0,0,0,0,0,1,0,0.0,0.0,0.0,0.0,0.0,0
144,Eberechi Eze,eng ENG,MF,Crystal Palace,26,1998,34,31,2588,28.8,8,8,16,7,1,2,1,0,0.28,0.28,0.56,0.24,0.52,1
145,Łukasz Fabiański,pl POL,GK,West Ham United,39,1985,14,13,1160,12.9,0,0,0,0,0,0,2,0,0.0,0.0,0.0,0.0,0.0,0
146,Wout Faes,be BEL,DF,Leicester City,26,1998,34,30,2815,31.3,1,0,1,1,0,0,4,0,0.03,0.0,0.03,0.03,0.03,0
147,Abdul Fatawu Issahaku,gh GHA,"MF,FW",Leicester City,20,2004,11,6,579,6.4,0,2,2,0,0,0,0,0,0.0,0.31,0.31,0.0,0.31,0
148,João Félix,pt POR,MF,Chelsea,24,1999,12,3,369,4.1,1,1,2,1,0,0,2,0,0.24,0.24,0.49,0.24,0.49,0
149,Evan Ferguson,ie IRL,FW,Brighton,19,2004,13,2,246,2.7,1,0,1,1,0,0,0,0,0.37,0.0,0.37,0.37,0.37,0
150,Evan Ferguson,ie IRL,FW,West Ham United,19,2004,8,1,156,1.7,0,0,0,0,0,0,0,0,0.0,0.0,0.0,0.0,0.0,0
151,Bruno Fernandes,pt POR,MF,Manchester Utd,29,1994,36,35,3018,33.5,8,10,18,5,3,3,5,2,0.24,0.3,0.54,0.15,0.45,1
152,Mateus Fernandes,pt POR,MF,Southampton,20,2004,36,34,2909,32.3,2,4,6,2,0,0,8,0,0.06,0.12,0.19,0.06,0.19,0
153,Enzo Fernández,ar ARG,MF,Chelsea,23,2001,36,32,2947,32.7,6,7,13,6,0,0,8,0,0.18,0.21,0.4,0.18,0.4,1
154,Mark Flekken,nl NED,GK,Brentford,31,1993,37,37,3275,36.4,0,2,2,0,0,0,1,0,0.0,0.05,0.05,0.0,0.05,0
155,Phil Foden,eng ENG,"MF,FW",Manchester City,24,2000,28,20,1777,19.7,7,2,9,7,0,0,2,0,0.35,0.1,0.46,0.35,0.46,1
156,Wesley Fofana,fr FRA,DF,Chelsea,23,2000,14,14,1172,13.0,0,0,0,0,0,0,7,0,0.0,0.0,0.0,0.0,0.0,0
157,Carlos Forbs,pt POR,MF,Wolves,20,2004,10,1,239,2.7,0,0,0,0,0,0,2,0,0.0,0.0,0.0,0.0,0.0,0
158,Fraser Forster,eng ENG,GK,Tottenham Hotspur,36,1988,7,7,630,7.0,0,0,0,0,0,0,0,0,0.0,0.0,0.0,0.0,0.0,0
159,Ryan Fraser,sct SCO,"MF,DF",Southampton,30,1994,8,4,306,3.4,0,0,0,0,0,0,0,1,0.0,0.0,0.0,0.0,0.0,0
160,Tyler Fredricson,eng ENG,DF,Manchester Utd,19,2005,2,2,165,1.8,0,0,0,0,0,0,0,0,0.0,0.0,0.0,0.0,0.0,0
161,Niclas Füllkrug,de GER,FW,West Ham United,31,1993,18,6,790,8.8,3,2,5,3,0,0,2,0,0.34,0.23,0.57,0.34,0.57,1
162,Cody Gakpo,nl NED,MF,Liverpool,25,1999,35,23,1935,21.5,10,4,14,10,0,0,5,0,0.47,0.19,0.65,0.47,0.65,1
163,Idrissa Gana Gueye,sn SEN,MF,Everton,34,1989,37,35,3063,34.0,0,3,3,0,0,0,9,0,0.0,0.09,0.09,0.0,0.09,0
164,Andrés García,es ESP,"DF,MF",Aston Villa,21,2003,7,5,318,3.5,0,0,0,0,0,0,0,0,0.0,0.0,0.0,0.0,0.0,0
165,Alejandro Garnacho,ar ARG,MF,Manchester Utd,20,2004,36,23,2199,24.4,6,2,8,6,0,0,3,0,0.25,0.08,0.33,0.25,0.33,1
166,James Garner,eng ENG,"MF,DF",Everton,23,2001,21,17,1594,17.7,0,1,1,0,0,0,5,0,0.0,0.06,0.06,0.0,0.06,0
167,Tyrique George,eng ENG,FW,Chelsea,18,2006,8,1,183,2.0,1,1,2,1,0,0,1,0,0.49,0.49,0.98,0.49,0.98,1
168,Morgan Gibbs-White,eng ENG,MF,Nottingham Forest,24,2000,34,34,2803,31.1,7,8,15,7,0,0,11,1,0.22,0.26,0.48,0.22,0.48,1
169,Billy Gilmour,sct SCO,MF,Brighton,23,2001,2,1,98,1.1,0,0,0,0,0,0,0,0,0.0,0.0,0.0,0.0,0.0,0
170,Ben Godfrey,eng ENG,DF,Ipswich Town,26,1998,3,2,159,1.8,0,0,0,0,0,0,1,0,0.0,0.0,0.0,0.0,0.0,0
171,João Gomes,br BRA,MF,Wolves,23,2001,36,35,2974,33.0,3,1,4,3,0,0,11,1,0.09,0.03,0.12,0.09,0.12,0
172,Rodrigo Gomes,pt POR,MF,Wolves,21,2003,25,7,810,9.0,2,0,2,2,0,0,0,0,0.22,0.0,0.22,0.22,0.22,0
173,Toti Gomes,pt POR,DF,Wolves,25,1999,31,30,2614,29.0,0,1,1,0,0,0,7,0,0.0,0.03,0.03,0.0,0.03,0
174,Diego Gómez,py PAR,MF,Brighton,21,2003,16,4,516,5.7,1,0,1,1,0,0,0,0,0.17,0.0,0.17,0.17,0.17,0
175,Joe Gomez,eng ENG,DF,Liverpool,27,1997,9,6,519,5.8,0,0,0,0,0,0,1,0,0.0,0.0,0.0,0.0,0.0,0
176,Nicolás González,es ESP,MF,Manchester City,22,2002,11,9,760,8.4,1,0,1,1,0,0,3,0,0.12,0.0,0.12,0.12,0.12,0
177,Anthony Gordon,eng ENG,"FW,MF",Newcastle United,23,2001,34,28,2434,27.0,6,5,11,5,1,2,2,0,0.22,0.18,0.41,0.18,0.37,1
178,Ryan Gravenberch,nl NED,MF,Liverpool,22,2002,37,37,3160,35.1,0,4,4,0,0,0,6,1,0.0,0.11,0.11,0.0,0.11,0
179,Archie Gray,eng ENG,"DF,MF",Tottenham Hotspur,18,2006,28,19,1751,19.5,0,0,0,0,0,0,1,0,0.0,0.0,0.0,0.0,0.0,0
180,Jack Grealish,eng ENG,"MF,FW",Manchester City,28,1995,20,7,721,8.0,1,1,2,1,0,0,3,0,0.12,0.12,0.25,0.12,0.25,0
181,Jacob Greaves,eng ENG,DF,Ipswich Town,23,2000,25,25,2205,24.5,1,0,1,1,0,0,5,0,0.04,0.0,0.04,0.04,0.04,0
182,Brajan Gruda,de GER,"MF,FW",Brighton,20,2004,21,8,687,7.6,1,4,5,1,0,0,0,0,0.13,0.52,0.66,0.13,0.66,1
183,Albert Grønbaek,dk DEN,"MF,FW",Southampton,23,2001,4,2,143,1.6,0,0,0,0,0,0,0,0,0.0,0.0,0.0,0.0,0.0,0
184,Gonçalo Guedes,pt POR,"MF,FW",Wolves,27,1996,29,10,995,11.1,2,4,6,2,0,0,1,0,0.18,0.36,0.54,0.18,0.54,1
185,Marc Guéhi,eng ENG,DF,Crystal Palace,24,2000,34,34,3059,34.0,3,2,5,3,0,0,9,1,0.09,0.06,0.15,0.09,0.15,0
186,Luis Guilherme,br BRA,MF,West Ham United,18,2006,12,1,150,1.7,0,0,0,0,0,0,0,0,0.0,0.0,0.0,0.0,0.0,0
187,Bruno Guimarães,br BRA,MF,Newcastle United,26,1997,38,38,3271,36.3,5,6,11,5,0,0,7,0,0.14,0.17,0.3,0.14,0.3,1
188,İlkay Gündoğan,de GER,MF,Manchester City,33,1990,33,25,2223,24.7,1,6,7,1,0,0,1,0,0.04,0.24,0.28,0.04,0.28,0
189,Malo Gusto,fr FRA,DF,Chelsea,21,2003,32,19,1862,20.7,0,1,1,0,0,0,4,0,0.0,0.05,0.05,0.0,0.05,0
190,Joško Gvardiol,hr CRO,DF,Manchester City,22,2002,37,36,3277,36.4,5,0,5,5,0,0,2,0,0.14,0.0,0.14,0.14,0.14,0
191,Erling Haaland,no NOR,FW,Manchester City,24,2000,31,31,2736,30.4,22,3,25,19,3,4,2,0,0.72,0.1,0.82,0.62,0.72,1
192,Lewis Hall,eng ENG,DF,Newcastle United,19,2004,27,24,2189,24.3,0,4,4,0,0,0,3,0,0.0,0.16,0.16,0.0,0.16,0
193,Ali Al Hamadi,iq IRQ,FW,Ipswich Town,22,2002,11,0,134,1.5,0,0,0,0,0,0,3,0,0.0,0.0,0.0,0.0,0.0,0
194,Jack Harrison,eng ENG,"MF,FW",Everton,27,1996,34,24,2076,23.1,1,0,1,1,0,0,0,0,0.04,0.0,0.04,0.04,0.04,0
195,Taylor Harwood-Bellis,eng ENG,DF,Southampton,22,2002,34,32,2825,31.4,1,0,1,1,0,0,9,0,0.03,0.0,0.03,0.03,0.03,0
196,Kai Havertz,de GER,FW,Arsenal,25,1999,23,21,1875,20.8,9,3,12,9,0,0,5,0,0.43,0.14,0.58,0.43,0.58,1
197,Ayden Heaven,eng ENG,DF,Manchester Utd,17,2006,4,2,170,1.9,0,0,0,0,0,0,1,0,0.0,0.0,0.0,0.0,0.0,0
198,Jan Paul van Hecke,nl NED,DF,Brighton,24,2000,34,33,2958,32.9,1,1,2,1,0,0,8,1,0.03,0.03,0.06,0.03,0.06,0
199,Hwang Hee-chan,kr KOR,"MF,FW",Wolves,28,1996,21,5,661,7.3,2,0,2,2,0,0,0,0,0.27,0.0,0.27,0.27,0.27,0
200,Dean Henderson,eng ENG,GK,Crystal Palace,27,1997,38,38,3420,38.0,0,0,0,0,0,0,3,0,0.0,0.0,0.0,0.0,0.0,0
201,Rico Henry,jm JAM,"DF,MF",Brentford,27,1997,5,0,99,1.1,0,0,0,0,0,0,0,0,0.0,0.0,0.0,0.0,0.0,0
202,Mads Hermansen,dk DEN,GK,Leicester City,24,2000,27,27,2385,26.5,0,0,0,0,0,0,1,0,0.0,0.0,0.0,0.0,0.0,0
203,Son Heung-min,kr KOR,"FW,MF",Tottenham Hotspur,32,1992,30,24,2110,23.4,7,9,16,6,1,2,1,0,0.3,0.38,0.68,0.26,0.64,1
204,James Hill,eng ENG,DF,Bournemouth,22,2002,10,6,448,5.0,0,1,1,0,0,0,1,0,0.0,0.2,0.2,0.0,0.2,0
205,Jack Hinshelwood,eng ENG,"MF,DF",Brighton,19,2005,26,22,1842,20.5,5,2,7,5,0,0,5,0,0.24,0.1,0.34,0.24,0.34,1
206,George Hirst,sct SCO,FW,Ipswich Town,25,1999,26,5,661,7.3,3,1,4,3,0,0,3,0,0.41,0.14,0.54,0.41,0.54,1
207,Callum Hudson-Odoi,eng ENG,MF,Nottingham Forest,23,2000,31,25,2194,24.4,5,2,7,5,0,0,2,0,0.21,0.08,0.29,0.21,0.29,1
208,Will Hughes,eng ENG,MF,Crystal Palace,29,1995,33,24,2108,23.4,0,3,3,0,0,0,11,0,0.0,0.13,0.13,0.0,0.13,0
209,Dean Huijsen,es ESP,DF,Bournemouth,19,2005,32,26,2427,27.0,3,2,5,3,0,0,10,0,0.11,0.07,0.19,0.11,0.19,0
210,Omari Hutchinson,eng ENG,MF,Ipswich Town,20,2003,31,30,2583,28.7,3,2,5,3,0,0,5,0,0.1,0.07,0.17,0.1,0.17,0
211,Rasmus Højlund,dk DEN,FW,Manchester Utd,21,2003,32,23,2004,22.3,4,0,4,4,0,0,2,0,0.18,0.0,0.18,0.18,0.18,0
212,Igor,br BRA,DF,Brighton,26,1998,13,10,961,10.7,0,0,0,0,0,0,4,0,0.0,0.0,0.0,0.0,0.0,0
213,Danny Ings,eng ENG,FW,West Ham United,32,1992,15,1,284,3.2,1,2,3,1,0,0,0,0,0.32,0.63,0.95,0.32,0.95,1
214,Tim Iroegbunam,eng ENG,MF,Everton,21,2003,18,5,574,6.4,0,1,1,0,0,0,4,0,0.0,0.16,0.16,0.0,0.16,0
215,Andy Irving,sct SCO,MF,West Ham United,24,2000,10,1,166,1.8,0,0,0,0,0,0,2,0,0.0,0.0,0.0,0.0,0.0,0
216,Alexander Isak,se SWE,FW,Newcastle United,24,1999,34,34,2756,30.6,23,6,29,19,4,4,1,0,0.75,0.2,0.95,0.62,0.82,1
217,Alex Iwobi,ng NGA,MF,Fulham,28,1996,38,35,2981,33.1,9,6,15,9,0,0,1,0,0.27,0.18,0.45,0.27,0.45,1
218,Nicolas Jackson,sn SEN,FW,Chelsea,23,2001,30,28,2220,24.7,10,5,15,10,0,0,7,1,0.41,0.2,0.61,0.41,0.61,1
219,Reece James,eng ENG,"DF,MF",Chelsea,24,1999,19,12,1063,11.8,1,1,2,1,0,0,1,0,0.08,0.08,0.17,0.08,0.17,0
220,Vitaly Janelt,de GER,MF,Brentford,26,1998,32,27,2254,25.0,1,3,4,1,0,0,3,0,0.04,0.12,0.16,0.04,0.16,0
221,Daniel Jebbison,ca CAN,FW,Bournemouth,20,2003,16,0,119,1.3,1,0,1,1,0,0,1,0,0.76,0.0,0.76,0.76,0.76,1
222,Mathias Jensen,dk DEN,MF,Brentford,28,1996,24,8,862,9.6,0,2,2,0,0,0,2,0,0.0,0.21,0.21,0.0,0.21,0
223,Gabriel Jesus,br BRA,FW,Arsenal,27,1997,17,6,608,6.8,3,0,3,3,0,0,4,0,0.44,0.0,0.44,0.44,0.44,0
224,Raúl Jiménez,mx MEX,FW,Fulham,33,1991,38,30,2494,27.7,12,3,15,9,3,3,4,0,0.43,0.11,0.54,0.32,0.43,1
225,João Pedro,br BRA,"FW,MF",Brighton,22,2001,27,23,1948,21.6,10,6,16,5,5,5,4,1,0.46,0.28,0.74,0.23,0.51,1
226,Joelinton,br BRA,"MF,FW",Newcastle United,27,1996,29,29,2393,26.6,4,3,7,4,0,0,10,0,0.15,0.11,0.26,0.15,0.26,1
227,Ben Johnson,eng ENG,"MF,DF",Ipswich Town,24,2000,23,14,1354,15.0,1,2,3,1,0,0,5,1,0.07,0.13,0.2,0.07,0.2,0
228,Brennan Johnson,wls WAL,"FW,MF",Tottenham Hotspur,23,2001,33,24,2177,24.2,11,3,14,11,0,0,5,0,0.45,0.12,0.58,0.45,0.58,1
229,Sam Johnstone,eng ENG,GK,Wolves,31,1993,7,7,630,7.0,0,0,0,0,0,0,0,0,0.0,0.0,0.0,0.0,0.0,0
230,Curtis Jones,eng ENG,"MF,DF",Liverpool,23,2001,33,19,1712,19.0,3,3,6,3,0,0,3,1,0.16,0.16,0.32,0.16,0.32,0
231,Jorginho,it ITA,MF,Arsenal,32,1991,15,9,704,7.8,0,0,0,0,0,0,5,0,0.0,0.0,0.0,0.0,0.0,0
232,Diogo Jota,pt POR,FW,Liverpool,27,1996,26,14,1196,13.3,6,3,9,6,0,0,2,0,0.45,0.23,0.68,0.45,0.68,1
233,James Justin,eng ENG,"DF,MF",Leicester City,26,1998,36,34,2912,32.4,2,2,4,2,0,0,6,0,0.06,0.06,0.12,0.06,0.12,0
234,Filip Jørgensen,dk DEN,GK,Chelsea,22,2002,6,6,540,6.0,0,0,0,0,0,0,0,0,0.0,0.0,0.0,0.0,0.0,0
235,Ferdi Kadioglu,tr TUR,"DF,MF",Brighton,24,1999,6,5,385,4.3,1,0,1,1,0,0,1,0,0.23,0.0,0.23,0.23,0.23,0
236,Daichi Kamada,jp JPN,MF,Crystal Palace,27,1996,34,15,1564,17.4,0,0,0,0,0,0,4,1,0.0,0.0,0.0,0.0,0.0,0
237,Boubacar Kamara,fr FRA,"MF,DF",Aston Villa,24,1999,26,20,1726,19.2,1,0,1,1,0,0,2,0,0.05,0.0,0.05,0.05,0.05,0
238,Michael Kayode,it ITA,DF,Brentford,20,2004,12,6,528,5.9,0,1,1,0,0,0,2,0,0.0,0.17,0.17,0.0,0.17,0
239,Michael Keane,eng ENG,DF,Everton,31,1993,14,11,1049,11.7,3,0,3,3,0,0,5,0,0.26,0.0,0.26,0.26,0.26,0
240,Caoimhín Kelleher,ie IRL,GK,Liverpool,25,1998,10,10,900,10.0,0,0,0,0,0,0,0,0,0.0,0.0,0.0,0.0,0.0,0
241,Lloyd Kelly,eng ENG,DF,Newcastle United,25,1998,10,4,303,3.4,0,1,1,0,0,0,2,0,0.0,0.3,0.3,0.0,0.3,0
242,Milos Kerkez,hu HUN,DF,Bournemouth,20,2003,38,38,3336,37.1,2,5,7,2,0,0,4,0,0.05,0.13,0.19,0.05,0.19,0
243,Bilal El Khannouss,ma MAR,MF,Leicester City,20,2004,32,27,2182,24.2,2,3,5,2,0,0,4,0,0.08,0.12,0.21,0.08,0.21,0
244,Abdukodir Khusanov,uz UZB,DF,Manchester City,20,2004,6,6,503,5.6,0,0,0,0,0,0,1,0,0.0,0.0,0.0,0.0,0.0,0
245,Max Kilman,eng ENG,DF,West Ham United,27,1997,38,38,3348,37.2,0,1,1,0,0,0,5,0,0.0,0.03,0.03,0.0,0.03,0
246,Joshua King,eng ENG,MF,Fulham,17,2007,8,1,130,1.4,0,0,0,0,0,0,0,0,0.0,0.0,0.0,0.0,0.0,0
247,Antonín Kinský,cz CZE,GK,Tottenham Hotspur,21,2003,6,6,540,6.0,0,0,0,0,0,0,0,0,0.0,0.0,0.0,0.0,0.0,0
248,Jakub Kiwior,pl POL,DF,Arsenal,24,2000,17,10,1122,12.5,1,0,1,1,0,0,1,0,0.08,0.0,0.08,0.08,0.08,0
249,Justin Kluivert,nl NED,MF,Bournemouth,25,1999,34,29,2340,26.0,12,6,18,6,6,6,8,0,0.46,0.23,0.69,0.23,0.46,1
250,Ibrahima Konaté,fr FRA,DF,Liverpool,25,1999,31,30,2560,28.4,1,2,3,1,0,0,5,0,0.04,0.07,0.11,0.04,0.11,0
251,Ezri Konsa,eng ENG,DF,Aston Villa,26,1997,34,33,2936,32.6,2,0,2,2,0,0,1,0,0.06,0.0,0.06,0.06,0.06,0
252,Mateo Kovačić,hr CRO,"MF,DF",Manchester City,30,1994,31,25,2198,24.4,6,2,8,6,0,0,5,1,0.25,0.08,0.33,0.25,0.33,1
253,Emil Krafth,se SWE,DF,Newcastle United,29,1994,12,2,342,3.8,0,0,0,0,0,0,2,0,0.0,0.0,0.0,0.0,0.0,0
254,Mohammed Kudus,gh GHA,"MF,FW",West Ham United,23,2000,32,31,2590,28.8,5,3,8,5,0,0,2,1,0.17,0.1,0.28,0.17,0.28,1
255,Dejan Kulusevski,se SWE,"MF,FW",Tottenham Hotspur,24,2000,32,27,2389,26.5,7,4,11,7,0,0,3,0,0.26,0.15,0.41,0.26,0.41,1
256,Maxence Lacroix,fr FRA,DF,Crystal Palace,24,2000,35,35,3116,34.6,1,1,2,1,0,0,5,0,0.03,0.03,0.06,0.03,0.06,0
257,Adam Lallana,eng ENG,MF,Southampton,36,1988,14,5,361,4.0,0,2,2,0,0,0,4,0,0.0,0.5,0.5,0.0,0.5,0
258,Tariq Lamptey,gh GHA,"DF,MF",Brighton,23,2000,15,10,860,9.6,2,2,4,2,0,0,0,0,0.21,0.21,0.42,0.21,0.42,0
259,Roméo Lavia,be BEL,MF,Chelsea,20,2004,16,11,797,8.9,0,1,1,0,0,0,4,0,0.0,0.11,0.11,0.0,0.11,0
260,Mario Lemina,ga GAB,"MF,DF",Wolves,30,1993,17,15,1364,15.2,1,3,4,1,0,0,4,0,0.07,0.2,0.26,0.07,0.26,0
261,Bernd Leno,de GER,GK,Fulham,32,1992,38,38,3420,38.0,0,1,1,0,0,0,5,0,0.0,0.03,0.03,0.0,0.03,0
262,Jefferson Lerma,co COL,"MF,DF",Crystal Palace,29,1994,33,26,2274,25.3,0,1,1,0,0,0,9,0,0.0,0.04,0.04,0.0,0.04,0
263,Rico Lewis,eng ENG,"DF,MF",Manchester City,19,2004,28,21,1893,21.0,1,2,3,1,0,0,5,1,0.05,0.1,0.14,0.05,0.14,0
264,Keane Lewis-Potter,eng ENG,"DF,MF",Brentford,23,2001,38,36,3093,34.4,1,3,4,1,0,0,7,0,0.03,0.09,0.12,0.03,0.12,0
265,Myles Lewis-Skelly,eng ENG,DF,Arsenal,17,2006,23,15,1369,15.2,1,0,1,1,0,0,3,2,0.07,0.0,0.07,0.07,0.07,0
266,Matthijs de Ligt,nl NED,DF,Manchester Utd,24,1999,29,25,2123,23.6,2,0,2,2,0,0,3,0,0.08,0.0,0.08,0.08,0.08,0
267,Victor Lindelöf,se SWE,DF,Manchester Utd,30,1994,16,6,704,7.8,0,0,0,0,0,0,1,0,0.0,0.0,0.0,0.0,0.0,0
268,Jesper Lindstrøm,dk DEN,MF,Everton,24,2000,25,15,1239,13.8,0,1,1,0,0,0,2,0,0.0,0.07,0.07,0.0,0.07,0
269,Valentino Livramento,eng ENG,DF,Newcastle United,21,2002,37,32,2840,31.6,0,1,1,0,0,0,1,0,0.0,0.03,0.03,0.0,0.03,0
270,Sean Longstaff,eng ENG,MF,Newcastle United,26,1997,25,8,798,8.9,0,0,0,0,0,0,2,0,0.0,0.0,0.0,0.0,0.0,0
271,Saša Lukić,rs SRB,MF,Fulham,27,1996,30,28,2344,26.0,0,2,2,0,0,0,12,0,0.0,0.08,0.08,0.0,0.08,0
272,Joe Lumley,eng ENG,GK,Southampton,29,1995,3,3,270,3.0,0,0,0,0,0,0,0,0,0.0,0.0,0.0,0.0,0.0,0
273,Massimo Luongo,au AUS,MF,Ipswich Town,31,1992,11,2,201,2.2,0,0,0,0,0,0,0,0,0.0,0.0,0.0,0.0,0.0,0
274,Ian Maatsen,nl NED,DF,Aston Villa,22,2002,29,10,1139,12.7,1,2,3,1,0,0,2,0,0.08,0.16,0.24,0.08,0.24,0
275,Alexis Mac Allister,ar ARG,MF,Liverpool,25,1998,35,30,2599,28.9,5,5,10,5,0,0,6,0,0.17,0.17,0.35,0.17,0.35,1
276,James Maddison,eng ENG,MF,Tottenham Hotspur,27,1996,31,21,1809,20.1,9,7,16,9,0,0,6,0,0.45,0.35,0.8,0.45,0.8,1
277,Noni Madueke,eng ENG,MF,Chelsea,22,2002,32,27,2033,22.6,7,3,10,7,0,0,3,0,0.31,0.13,0.44,0.31,0.44,1
278,Gabriel Magalhães,br BRA,DF,Arsenal,26,1997,28,28,2363,26.3,3,1,4,3,0,0,4,0,0.11,0.04,0.15,0.11,0.15,0
279,Edmond-Paris Maghoma,eng ENG,MF,Brentford,23,2001,8,0,119,1.3,0,0,0,0,0,0,0,0,0.0,0.0,0.0,0.0,0.0,0
280,Harry Maguire,eng ENG,DF,Manchester Utd,31,1993,27,19,1758,19.5,1,0,1,1,0,0,7,0,0.05,0.0,0.05,0.05,0.05,0
281,Kobbie Mainoo,eng ENG,MF,Manchester Utd,19,2005,25,19,1651,18.3,0,0,0,0,0,0,5,0,0.0,0.0,0.0,0.0,0.0,0
282,Tyrell Malacia,nl NED,MF,Manchester Utd,24,1999,3,2,100,1.1,0,0,0,0,0,0,1,0,0.0,0.0,0.0,0.0,0.0,0
283,Donyell Malen,nl NED,MF,Aston Villa,25,1999,14,2,305,3.4,3,0,3,3,0,0,0,0,0.89,0.0,0.89,0.89,0.89,1
284,Orel Mangala,be BEL,MF,Everton,26,1998,19,14,1261,14.0,1,0,1,1,0,0,2,0,0.07,0.0,0.07,0.07,0.07,0
285,Ryan Manning,ie IRL,"DF,MF",Southampton,28,1996,24,18,1462,16.2,0,1,1,0,0,0,2,0,0.0,0.06,0.06,0.0,0.06,0
286,Solly March,eng ENG,MF,Brighton,30,1994,8,1,168,1.9,0,0,0,0,0,0,2,0,0.0,0.0,0.0,0.0,0.0,0
287,Omar Marmoush,eg EGY,"MF,FW",Manchester City,25,1999,16,14,1175,13.1,7,0,7,7,0,0,0,0,0.54,0.0,0.54,0.54,0.54,1
288,Gabriel Martinelli,br BRA,"FW,MF",Arsenal,23,2001,33,25,2290,25.4,8,4,12,8,0,0,1,0,0.31,0.16,0.47,0.31,0.47,1
289,Emiliano Martínez,ar ARG,GK,Aston Villa,31,1992,37,37,3194,35.5,0,0,0,0,0,0,5,1,0.0,0.0,0.0,0.0,0.0,0
290,Lisandro Martínez,ar ARG,DF,Manchester Utd,26,1998,20,20,1751,19.5,2,1,3,2,0,0,7,0,0.1,0.05,0.15,0.1,0.15,0
291,Pape Matar Sarr,sn SEN,MF,Tottenham Hotspur,21,2002,36,22,1913,21.3,3,2,5,3,0,0,6,0,0.14,0.09,0.24,0.14,0.24,0
292,Jean-Philippe Mateta,fr FRA,FW,Crystal Palace,27,1997,37,33,2648,29.4,14,2,16,12,2,2,2,0,0.48,0.07,0.54,0.41,0.48,1
293,Stephy Mavididi,eng ENG,MF,Leicester City,26,1998,30,16,1615,17.9,4,1,5,4,0,0,2,0,0.22,0.06,0.28,0.22,0.28,0
294,Konstantinos Mavropanos,gr GRE,DF,West Ham United,26,1997,33,21,2045,22.7,0,0,0,0,0,0,6,1,0.0,0.0,0.0,0.0,0.0,0
295,Noussair Mazraoui,ma MAR,"DF,MF",Manchester Utd,26,1997,37,34,2838,31.5,0,1,1,0,0,0,3,0,0.0,0.03,0.03,0.0,0.03,0
296,Bryan Mbeumo,cm CMR,"MF,FW",Brentford,24,1999,38,38,3414,37.9,20,7,27,15,5,6,3,0,0.53,0.18,0.71,0.4,0.58,1
297,James Mcatee,eng ENG,MF,Manchester City,21,2002,15,3,349,3.9,3,0,3,3,0,0,1,0,0.77,0.0,0.77,0.77,0.77,1
298,Kasey McAteer,ie IRL,MF,Leicester City,22,2001,18,9,852,9.5,1,1,2,1,0,0,3,0,0.11,0.11,0.21,0.11,0.21,0
299,Alex McCarthy,eng ENG,GK,Southampton,34,1989,5,5,450,5.0,0,0,0,0,0,0,0,0,0.0,0.0,0.0,0.0,0.0,0
300,John McGinn,sct SCO,MF,Aston Villa,29,1994,34,27,2223,24.7,1,4,5,1,0,0,7,0,0.04,0.16,0.2,0.04,0.2,0
301,Dwight McNeil,eng ENG,MF,Everton,24,1999,21,15,1371,15.2,4,6,10,4,0,0,1,0,0.26,0.39,0.66,0.26,0.66,1
302,Ben Mee,eng ENG,DF,Brentford,34,1989,7,2,183,2.0,0,0,0,0,0,0,2,0,0.0,0.0,0.0,0.0,0.0,0
303,Mikel Merino,es ESP,"MF,FW",Arsenal,28,1996,28,17,1586,17.6,7,2,9,7,0,0,4,1,0.4,0.11,0.51,0.4,0.51,1
304,Nikola Milenković,rs SRB,DF,Nottingham Forest,26,1997,37,37,3330,37.0,5,2,7,5,0,0,4,0,0.14,0.05,0.19,0.14,0.19,1
305,Lewis Miley,eng ENG,MF,Newcastle United,18,2006,14,1,313,3.5,1,0,1,1,0,0,0,0,0.29,0.0,0.29,0.29,0.29,0
306,James Milner,eng ENG,MF,Brighton,38,1986,4,3,170,1.9,0,0,0,0,0,0,1,0,0.0,0.0,0.0,0.0,0.0,0
307,Tyrone Mings,eng ENG,DF,Aston Villa,31,1993,14,12,1120,12.4,0,0,0,0,0,0,1,0,0.0,0.0,0.0,0.0,0.0,0
308,Yankuba Minteh,gm GAM,MF,Brighton,20,2004,32,20,1838,20.4,6,4,10,6,0,0,6,0,0.29,0.2,0.49,0.29,0.49,1
309,Tyrick Mitchell,eng ENG,MF,Crystal Palace,24,1999,37,37,3092,34.4,0,5,5,0,0,0,2,0,0.0,0.15,0.15,0.0,0.15,0
310,Kaoru Mitoma,jp JPN,MF,Brighton,27,1997,36,28,2603,28.9,10,4,14,10,0,0,1,0,0.35,0.14,0.48,0.35,0.48,1
311,Jeremy Monga,eng ENG,FW,Leicester City,15,2009,7,0,112,1.2,0,0,0,0,0,0,0,0,0.0,0.0,0.0,0.0,0.0,0
312,Mikey Moore,eng ENG,"MF,FW",Tottenham Hotspur,16,2007,10,3,366,4.1,0,1,1,0,0,0,0,0,0.0,0.25,0.25,0.0,0.25,0
313,Morato,br BRA,DF,Nottingham Forest,23,2001,26,6,907,10.1,0,0,0,0,0,0,5,0,0.0,0.0,0.0,0.0,0.0,0
314,Álex Moreno,es ESP,DF,Nottingham Forest,31,1993,15,11,955,10.6,0,1,1,0,0,0,2,0,0.0,0.09,0.09,0.0,0.09,0
315,Sam Morsy,eg EGY,MF,Ipswich Town,32,1991,33,31,2751,30.6,1,1,2,1,0,0,10,0,0.03,0.03,0.07,0.03,0.07,0
316,Yerson Mosquera,co COL,DF,Wolves,23,2001,5,5,441,4.9,0,0,0,0,0,0,2,0,0.0,0.0,0.0,0.0,0.0,0
317,Mason Mount,eng ENG,"MF,FW",Manchester Utd,25,1999,17,8,622,6.9,1,0,1,1,0,0,3,0,0.14,0.0,0.14,0.14,0.14,0
318,Mykhailo Mudryk,ua UKR,MF,Chelsea,23,2001,7,1,151,1.7,0,0,0,0,0,0,0,0,0.0,0.0,0.0,0.0,0.0,0
319,Marshall Munetsi,zw ZIM,"MF,FW",Wolves,28,1996,14,12,1078,12.0,2,1,3,2,0,0,0,0,0.17,0.08,0.25,0.17,0.25,0
320,Rodrigo Muniz,br BRA,FW,Fulham,23,2001,31,8,964,10.7,8,1,9,8,0,0,1,0,0.75,0.09,0.84,0.75,0.84,1
321,Daniel Muñoz,co COL,MF,Crystal Palace,28,1996,37,37,3228,35.9,4,5,9,4,0,0,10,0,0.11,0.14,0.25,0.11,0.25,1
322,Arijanet Muric,xk KVX,GK,Ipswich Town,25,1998,18,18,1620,18.0,0,0,0,0,0,0,1,0,0.0,0.0,0.0,0.0,0.0,0
323,Murillo,br BRA,DF,Nottingham Forest,22,2002,36,36,3188,35.4,2,0,2,2,0,0,6,0,0.06,0.0,0.06,0.06,0.06,0
324,Jacob Murphy,eng ENG,"FW,MF",Newcastle United,29,1995,35,31,2360,26.2,8,12,20,8,0,0,4,0,0.31,0.46,0.76,0.31,0.76,1
325,Vitaliy Mykolenko,ua UKR,DF,Everton,25,1999,35,35,3082,34.2,1,2,3,1,0,0,4,0,0.03,0.06,0.09,0.03,0.09,0
326,Iliman Ndiaye,sn SEN,"MF,FW",Everton,24,2000,33,29,2430,27.0,9,0,9,7,2,2,3,0,0.33,0.0,0.33,0.26,0.26,1
327,Wilfred Ndidi,ng NGA,MF,Leicester City,27,1996,28,28,2324,25.8,0,5,5,0,0,0,8,0,0.0,0.19,0.19,0.0,0.19,0
328,Kosta Nedeljković,rs SRB,DF,Aston Villa,18,2005,5,0,126,1.4,0,0,0,0,0,0,0,0,0.0,0.0,0.0,0.0,0.0,0
329,Reiss Nelson,eng ENG,MF,Fulham,24,1999,11,5,487,5.4,1,1,2,1,0,0,1,0,0.18,0.18,0.37,0.18,0.37,0
330,Neto,br BRA,GK,Bournemouth,35,1989,2,2,180,2.0,0,0,0,0,0,0,0,0,0.0,0.0,0.0,0.0,0.0,0
331,Pedro Neto,pt POR,"MF,FW",Chelsea,24,2000,35,24,2269,25.2,4,6,10,4,0,0,8,0,0.16,0.24,0.4,0.16,0.4,1
332,Eddie Nketiah,eng ENG,"FW,MF",Crystal Palace,25,1999,29,9,1034,11.5,3,1,4,3,0,0,6,1,0.26,0.09,0.35,0.26,0.35,0
333,Christopher Nkunku,fr FRA,"MF,FW",Chelsea,26,1997,27,9,921,10.2,3,2,5,3,0,0,2,0,0.29,0.2,0.49,0.29,0.49,1
334,Matheus Nunes,pt POR,"DF,MF",Manchester City,25,1998,26,19,1674,18.6,1,6,7,1,0,0,4,0,0.05,0.32,0.38,0.05,0.38,0
335,Darwin Núñez,uy URU,FW,Liverpool,25,1999,30,8,1133,12.6,5,2,7,5,0,0,8,0,0.4,0.16,0.56,0.4,0.56,1
336,Ethan Nwaneri,eng ENG,"FW,MF",Arsenal,17,2007,26,11,895,9.9,4,2,6,4,0,0,1,0,0.4,0.2,0.6,0.4,0.6,1
337,Christian Nørgaard,dk DEN,MF,Brentford,30,1994,34,34,2819,31.3,5,4,9,5,0,0,8,1,0.16,0.13,0.29,0.16,0.29,1
338,Jake O'Brien,ie IRL,DF,Everton,23,2001,20,17,1571,17.5,2,0,2,2,0,0,5,0,0.11,0.0,0.11,0.11,0.11,0
339,Matt O'Riley,dk DEN,MF,Brighton,23,2000,21,11,938,10.4,2,2,4,1,1,1,1,0,0.19,0.19,0.38,0.1,0.29,0
340,Dara O'Shea,ie IRL,DF,Ipswich Town,25,1999,35,35,3122,34.7,0,2,2,0,0,0,6,0,0.0,0.06,0.06,0.0,0.06,0
341,Chidozie Obi-Martin,dk DEN,FW,Manchester Utd,16,2007,7,1,165,1.8,0,0,0,0,0,0,1,0,0.0,0.0,0.0,0.0,0.0,0
342,Wilson Odobert,fr FRA,"FW,MF",Tottenham Hotspur,19,2004,16,9,850,9.4,1,0,1,1,0,0,0,0,0.11,0.0,0.11,0.11,0.11,0
343,Chiedozie Ogbene,ie IRL,MF,Ipswich Town,27,1997,5,3,238,2.6,0,0,0,0,0,0,0,0,0.0,0.0,0.0,0.0,0.0,0
344,Caleb Okoli,it ITA,DF,Leicester City,23,2001,19,12,1125,12.5,1,0,1,1,0,0,4,0,0.08,0.0,0.08,0.08,0.08,0
345,Robin Olsen,se SWE,GK,Aston Villa,34,1990,4,1,226,2.5,0,0,0,0,0,0,0,0,0.0,0.0,0.0,0.0,0.0,0
346,Amadou Onana,be BEL,MF,Aston Villa,22,2001,26,20,1617,18.0,3,0,3,3,0,0,4,0,0.17,0.0,0.17,0.17,0.17,0
347,André Onana,cm CMR,GK,Manchester Utd,28,1996,34,34,3060,34.0,0,0,0,0,0,0,0,0,0.0,0.0,0.0,0.0,0.0,0
348,Paul Onuachu,ng NGA,FW,Southampton,30,1994,25,11,1050,11.7,4,1,5,4,0,0,4,0,0.34,0.09,0.43,0.34,0.43,1
349,Stefan Ortega,de GER,GK,Manchester City,31,1992,13,12,1100,12.2,0,0,0,0,0,0,1,0,0.0,0.0,0.0,0.0,0.0,0
350,William Osula,dk DEN,FW,Newcastle United,20,2003,14,0,134,1.5,1,0,1,1,0,0,0,0,0.67,0.0,0.67,0.67,0.67,1
351,Dango Ouattara,bf BFA,"MF,FW",Bournemouth,22,2002,32,21,2005,22.3,7,4,11,7,0,0,3,0,0.31,0.18,0.49,0.31,0.49,1
352,Nico O’Reilly,eng ENG,DF,Manchester City,19,2005,9,6,528,5.9,2,0,2,2,0,0,0,0,0.34,0.0,0.34,0.34,0.34,0
353,Alex Palmer,eng ENG,GK,Ipswich Town,27,1996,13,13,1170,13.0,0,0,0,0,0,0,2,0,0.0,0.0,0.0,0.0,0.0,0
354,Cole Palmer,eng ENG,MF,Chelsea,22,2002,37,36,3191,35.5,15,8,23,11,4,5,7,0,0.42,0.23,0.65,0.31,0.54,1
355,Emerson Palmieri,it ITA,"DF,MF",West Ham United,29,1994,31,26,2113,23.5,2,1,3,2,0,0,5,0,0.09,0.04,0.13,0.09,0.13,0
356,Lucas Paquetá,br BRA,"MF,FW",West Ham United,26,1997,33,27,2380,26.4,4,0,4,2,2,2,10,0,0.15,0.0,0.15,0.08,0.08,0
357,Thomas Partey,gh GHA,"MF,DF",Arsenal,31,1993,35,31,2797,31.1,4,2,6,4,0,0,4,0,0.13,0.06,0.19,0.13,0.19,0
358,Nathan Patterson,sct SCO,DF,Everton,22,2001,10,3,347,3.9,0,1,1,0,0,0,1,0,0.0,0.26,0.26,0.0,0.26,0
359,Andreas Pereira,br BRA,MF,Fulham,28,1996,33,25,2013,22.4,2,4,6,2,0,1,7,0,0.09,0.18,0.27,0.09,0.27,0
360,Ricardo Pereira,pt POR,DF,Leicester City,30,1993,10,4,388,4.3,0,0,0,0,0,0,1,0,0.0,0.0,0.0,0.0,0.0,0
361,Kalvin Phillips,eng ENG,MF,Ipswich Town,28,1995,19,14,1237,13.7,0,0,0,0,0,0,6,1,0.0,0.0,0.0,0.0,0.0,0
362,Jaden Philogene Bidace,eng ENG,MF,Aston Villa,22,2002,11,2,332,3.7,0,0,0,0,0,0,4,1,0.0,0.0,0.0,0.0,0.0,0
363,Jaden Philogene Bidace,eng ENG,MF,Ipswich Town,22,2002,10,5,474,5.3,2,0,2,2,0,0,1,0,0.38,0.0,0.38,0.38,0.38,0
364,Jordan Pickford,eng ENG,GK,Everton,30,1994,38,38,3420,38.0,0,1,1,0,0,0,7,0,0.0,0.03,0.03,0.0,0.03,0
365,Ethan Pinnock,jm JAM,DF,Brentford,31,1993,22,21,1913,21.3,2,0,2,2,0,0,2,0,0.09,0.0,0.09,0.09,0.09,0
366,Nick Pope,eng ENG,GK,Newcastle United,32,1992,28,28,2520,28.0,0,0,0,0,0,0,2,0,0.0,0.0,0.0,0.0,0.0,0
367,Pedro Porro,es ESP,DF,Tottenham Hotspur,24,1999,33,28,2610,29.0,2,6,8,2,0,0,5,0,0.07,0.21,0.28,0.07,0.28,1
368,Jarell Quansah,eng ENG,DF,Liverpool,21,2003,13,4,495,5.5,0,0,0,0,0,0,2,0,0.0,0.0,0.0,0.0,0.0,0
369,Aaron Ramsdale,eng ENG,GK,Southampton,26,1998,30,30,2700,30.0,0,0,0,0,0,0,2,0,0.0,0.0,0.0,0.0,0.0,0
370,Jacob Ramsey,eng ENG,MF,Aston Villa,23,2001,29,19,1623,18.0,1,3,4,1,0,0,4,1,0.06,0.17,0.22,0.06,0.22,0
371,Marcus Rashford,eng ENG,"FW,MF",Aston Villa,26,1997,10,4,444,4.9,2,2,4,1,1,1,0,0,0.41,0.41,0.81,0.2,0.61,1
372,Marcus Rashford,eng ENG,MF,Manchester Utd,26,1997,15,12,978,10.9,4,1,5,4,0,0,2,0,0.37,0.09,0.46,0.37,0.46,1
373,David Raya,es ESP,GK,Arsenal,28,1995,38,38,3420,38.0,0,0,0,0,0,0,3,0,0.0,0.0,0.0,0.0,0.0,0
374,Harrison Reed,eng ENG,MF,Fulham,29,1995,12,0,108,1.2,0,0,0,0,0,0,2,0,0.0,0.0,0.0,0.0,0.0,0
375,Sergio Reguilón,es ESP,DF,Tottenham Hotspur,27,1996,4,1,196,2.2,0,0,0,0,0,0,2,0,0.0,0.0,0.0,0.0,0.0,0
376,Declan Rice,eng ENG,MF,Arsenal,25,1999,35,33,2825,31.4,4,7,11,4,0,0,7,1,0.13,0.22,0.35,0.13,0.35,1
377,Chris Richards,us USA,DF,Crystal Palace,24,2000,24,22,1922,21.4,1,0,1,1,0,0,4,1,0.05,0.0,0.05,0.05,0.05,0
378,Richarlison,br BRA,FW,Tottenham Hotspur,27,1997,15,4,504,5.6,4,1,5,4,0,0,2,0,0.71,0.18,0.89,0.71,0.89,1
379,Andrew Robertson,sct SCO,DF,Liverpool,30,1994,33,29,2482,27.6,0,1,1,0,0,0,3,1,0.0,0.04,0.04,0.0,0.04,0
380,Antonee Robinson,us USA,"DF,MF",Fulham,26,1997,36,35,3167,35.2,0,10,10,0,0,0,8,0,0.0,0.28,0.28,0.0,0.28,1
381,Jay Robinson,eng ENG,MF,Southampton,17,2007,4,1,137,1.5,0,0,0,0,0,0,0,0,0.0,0.0,0.0,0.0,0.0,0
382,Guido Rodríguez,ar ARG,MF,West Ham United,30,1994,23,16,1149,12.8,0,1,1,0,0,0,6,0,0.0,0.08,0.08,0.0,0.08,0
383,Mads Roerslev,dk DEN,DF,Brentford,25,1999,19,11,1101,12.2,0,2,2,0,0,0,2,0,0.0,0.16,0.16,0.0,0.16,0
384,Morgan Rogers,eng ENG,MF,Aston Villa,22,2002,37,37,3114,34.6,8,10,18,8,0,0,10,0,0.23,0.29,0.52,0.23,0.52,1
385,Cristian Romero,ar ARG,DF,Tottenham Hotspur,26,1998,18,18,1416,15.7,1,0,1,1,0,0,3,0,0.06,0.0,0.06,0.06,0.06,0
386,Georginio Rutter,fr FRA,"MF,FW",Brighton,22,2002,28,19,1656,18.4,5,3,8,5,0,0,2,0,0.27,0.16,0.43,0.27,0.43,1
387,José Sá,pt POR,GK,Wolves,31,1993,29,29,2609,29.0,0,0,0,0,0,0,2,0,0.0,0.0,0.0,0.0,0.0,0
388,Bukayo Saka,eng ENG,"FW,MF",Arsenal,22,2001,25,20,1729,19.2,6,10,16,5,1,1,3,0,0.31,0.52,0.83,0.26,0.78,1
389,Mohamed Salah,eg EGY,MF,Liverpool,32,1992,38,38,3371,37.5,29,18,47,20,9,9,1,0,0.77,0.48,1.25,0.53,1.01,1
390,William Saliba,fr FRA,DF,Arsenal,23,2001,35,35,3039,33.8,2,0,2,2,0,0,2,1,0.06,0.0,0.06,0.06,0.06,0
391,Robert Sánchez,es ESP,GK,Chelsea,26,1997,32,32,2880,32.0,0,0,0,0,0,0,5,0,0.0,0.0,0.0,0.0,0.0,0
392,Jadon Sancho,eng ENG,MF,Chelsea,24,2000,31,19,1764,19.6,3,4,7,3,0,0,2,0,0.15,0.2,0.36,0.15,0.36,1
393,Ibrahim Sangaré,ci CIV,MF,Nottingham Forest,26,1997,13,7,590,6.6,0,1,1,0,0,0,3,0,0.0,0.15,0.15,0.0,0.15,0
394,Danilo Santos,br BRA,MF,Nottingham Forest,23,2001,8,5,275,3.1,0,0,0,0,0,0,0,0,0.0,0.0,0.0,0.0,0.0,0
395,Pablo Sarabia,es ESP,MF,Wolves,32,1992,23,7,814,9.0,3,2,5,3,0,0,3,0,0.33,0.22,0.55,0.33,0.55,1
396,Ismaila Sarr,sn SEN,MF,Crystal Palace,26,1998,38,30,2711,30.1,8,6,14,8,0,0,4,0,0.27,0.2,0.46,0.27,0.46,1
397,Sávio,br BRA,"MF,FW",Manchester City,20,2004,29,21,1766,19.6,1,8,9,1,0,0,3,0,0.05,0.41,0.46,0.05,0.46,1
398,Oliver Scarles,eng ENG,"MF,DF",West Ham United,18,2005,15,7,665,7.4,0,0,0,0,0,0,1,0,0.0,0.0,0.0,0.0,0.0,0
399,Kevin Schade,de GER,"MF,FW",Brentford,22,2001,38,26,2293,25.5,11,2,13,11,0,0,3,0,0.43,0.08,0.51,0.43,0.51,1
400,Fabian Schär,ch SUI,DF,Newcastle United,32,1991,34,33,2934,32.6,4,0,4,4,0,0,9,1,0.12,0.0,0.12,0.12,0.12,0
401,Jeffrey Schlupp,gh GHA,"DF,FW",Crystal Palace,31,1992,12,0,103,1.1,0,0,0,0,0,0,0,0,0.0,0.0,0.0,0.0,0.0,0
402,Alex Scott,eng ENG,MF,Bournemouth,20,2003,20,8,755,8.4,0,0,0,0,0,0,3,0,0.0,0.0,0.0,0.0,0.0,0
403,Matz Sels,be BEL,GK,Nottingham Forest,32,1992,38,38,3420,38.0,0,0,0,0,0,0,4,0,0.0,0.0,0.0,0.0,0.0,0
404,Nélson Semedo,pt POR,"MF,DF",Wolves,30,1993,34,32,2886,32.1,0,4,4,0,0,0,8,0,0.0,0.12,0.12,0.0,0.12,0
405,Antoine Semenyo,gh GHA,MF,Bournemouth,24,2000,37,36,3203,35.6,11,5,16,11,0,0,9,0,0.31,0.14,0.45,0.31,0.45,1
406,Marcos Senesi,ar ARG,DF,Bournemouth,27,1997,17,13,1106,12.3,0,0,0,0,0,0,5,0,0.0,0.0,0.0,0.0,0.0,0
407,Ryan Sessegnon,eng ENG,"MF,DF",Fulham,24,2000,16,7,580,6.4,4,2,6,4,0,0,1,0,0.62,0.31,0.93,0.62,0.93,1
408,Luke Shaw,eng ENG,DF,Manchester Utd,29,1995,7,4,349,3.9,0,0,0,0,0,0,1,0,0.0,0.0,0.0,0.0,0.0,0
409,Bernardo Silva,pt POR,MF,Manchester City,29,1994,33,29,2670,29.7,4,4,8,4,0,0,7,0,0.13,0.13,0.27,0.13,0.27,1
410,Jota Silva,pt POR,MF,Nottingham Forest,24,1999,31,5,854,9.5,3,1,4,3,0,0,5,0,0.32,0.11,0.42,0.32,0.42,1
411,Jahmai Simpson-Pusey,eng ENG,DF,Manchester City,18,2005,2,1,96,1.1,0,0,0,0,0,0,1,0,0.0,0.0,0.0,0.0,0.0,0
412,Luis Sinisterra,co COL,MF,Bournemouth,25,1999,12,1,236,2.6,1,1,2,1,0,0,0,0,0.38,0.38,0.76,0.38,0.76,1
413,Oliver Skipp,eng ENG,MF,Leicester City,23,2000,24,10,1129,12.5,0,0,0,0,0,0,8,0,0.0,0.0,0.0,0.0,0.0,0
414,William Smallbone,ie IRL,MF,Southampton,24,2000,18,6,690,7.7,1,0,1,1,0,0,1,0,0.13,0.0,0.13,0.13,0.13,0
415,Adam Smith,eng ENG,DF,Bournemouth,33,1991,25,19,1590,17.7,0,0,0,0,0,0,7,0,0.0,0.0,0.0,0.0,0.0,0
416,Emile Smith Rowe,eng ENG,MF,Fulham,24,2000,34,25,2043,22.7,6,3,9,6,0,0,3,0,0.26,0.13,0.4,0.26,0.4,1
417,Dominic Solanke,eng ENG,FW,Tottenham Hotspur,26,1997,27,25,2201,24.5,9,3,12,8,1,1,0,0,0.37,0.12,0.49,0.33,0.45,1
418,Carlos Soler,es ESP,MF,West Ham United,27,1997,31,14,1409,15.7,1,1,2,1,0,0,6,0,0.06,0.06,0.13,0.06,0.13,0
419,Ramón Sosa,py PAR,MF,Nottingham Forest,24,1999,19,1,295,3.3,1,0,1,1,0,0,1,0,0.31,0.0,0.31,0.31,0.31,0
420,Tomáš Souček,cz CZE,MF,West Ham United,29,1995,35,30,2567,28.5,9,1,10,9,0,0,8,0,0.32,0.04,0.35,0.32,0.35,1
421,Boubakary Soumaré,fr FRA,MF,Leicester City,25,1999,31,25,2171,24.1,0,0,0,0,0,0,8,0,0.0,0.0,0.0,0.0,0.0,0
422,Djed Spence,eng ENG,DF,Tottenham Hotspur,23,2000,25,19,1792,19.9,1,2,3,1,0,0,4,1,0.05,0.1,0.15,0.05,0.15,0
423,Jason Steele,eng ENG,GK,Brighton,33,1990,2,2,180,2.0,0,0,0,0,0,0,0,0,0.0,0.0,0.0,0.0,0.0,0
424,Jack Stephens,eng ENG,DF,Southampton,30,1994,19,17,1389,15.4,1,0,1,1,0,0,2,2,0.06,0.0,0.06,0.06,0.06,0
425,Raheem Sterling,eng ENG,"FW,MF",Arsenal,29,1994,17,7,499,5.5,0,2,2,0,0,0,1,0,0.0,0.36,0.36,0.0,0.36,0
426,Ross Stewart,sct SCO,FW,Southampton,28,1996,12,4,389,4.3,1,0,1,1,0,0,1,0,0.23,0.0,0.23,0.23,0.23,0
427,Jakub Stolarczyk,pl POL,GK,Leicester City,23,2000,10,10,900,10.0,0,0,0,0,0,0,1,0,0.0,0.0,0.0,0.0,0.0,0
428,John Stones,eng ENG,DF,Manchester City,30,1994,11,6,548,6.1,2,0,2,2,0,0,1,0,0.33,0.0,0.33,0.33,0.33,0
429,Jørgen Strand Larsen,no NOR,FW,Wolves,24,2000,35,30,2587,28.7,14,4,18,14,0,0,4,0,0.49,0.14,0.63,0.49,0.63,1
430,Yukinari Sugawara,jp JPN,"MF,DF",Southampton,24,2000,30,16,1557,17.3,1,1,2,1,0,0,4,0,0.06,0.06,0.12,0.06,0.12,0
431,Kamaldeen Sulemana,gh GHA,"FW,MF",Southampton,22,2002,26,17,1402,15.6,1,1,2,1,0,0,2,0,0.06,0.06,0.13,0.06,0.13,0
432,Crysencio Summerville,nl NED,"MF,FW",West Ham United,22,2001,19,7,786,8.7,1,1,2,1,0,0,2,0,0.11,0.11,0.23,0.11,0.23,0
433,Sammie Szmodics,ie IRL,MF,Ipswich Town,28,1995,20,13,992,11.0,4,0,4,4,0,0,2,0,0.36,0.0,0.36,0.36,0.36,0
434,Dominik Szoboszlai,hu HUN,MF,Liverpool,23,2000,36,29,2491,27.7,6,6,12,6,0,0,6,0,0.22,0.22,0.43,0.22,0.43,1
435,James Tarkowski,eng ENG,DF,Everton,31,1992,33,33,2922,32.5,1,1,2,1,0,0,6,0,0.03,0.03,0.06,0.03,0.06,0
436,Marcus Tavernier,eng ENG,MF,Bournemouth,25,1999,29,20,1939,21.5,3,5,8,3,0,0,6,0,0.14,0.23,0.37,0.14,0.37,1
437,Charlie Taylor,eng ENG,DF,Southampton,30,1993,8,3,356,4.0,0,0,0,0,0,0,1,0,0.0,0.0,0.0,0.0,0.0,0
438,Jack Taylor,ie IRL,MF,Ipswich Town,26,1998,32,4,860,9.6,1,0,1,1,0,0,4,0,0.1,0.0,0.1,0.1,0.1,0
439,Mathys Tel,fr FRA,FW,Tottenham Hotspur,19,2005,13,11,911,10.1,2,1,3,1,1,1,2,0,0.2,0.1,0.3,0.1,0.2,0
440,Kenny Tete,nl NED,DF,Fulham,28,1995,22,21,1774,19.7,0,2,2,0,0,0,5,0,0.0,0.1,0.1,0.0,0.1,0
441,Igor Thiago,br BRA,FW,Brentford,23,2001,8,1,175,1.9,0,0,0,0,0,0,0,0,0.0,0.0,0.0,0.0,0.0,0
442,Luke Thomas,eng ENG,DF,Leicester City,23,2001,14,13,1110,12.3,0,0,0,0,0,0,3,0,0.0,0.0,0.0,0.0,0.0,0
443,Youri Tielemans,be BEL,MF,Aston Villa,27,1997,36,35,3026,33.6,3,7,10,3,0,1,4,0,0.09,0.21,0.3,0.09,0.3,1
444,Kieran Tierney,sct SCO,DF,Arsenal,27,1997,13,2,259,2.9,1,0,1,1,0,0,0,0,0.35,0.0,0.35,0.35,0.35,0
445,Jurriën Timber,nl NED,DF,Arsenal,23,2001,30,27,2417,26.9,1,3,4,1,0,0,7,0,0.04,0.11,0.15,0.04,0.15,0
446,Jean-Clair Todibo,fr FRA,DF,West Ham United,24,1999,27,20,1825,20.3,0,0,0,0,0,0,3,0,0.0,0.0,0.0,0.0,0.0,0
447,Harry Toffolo,eng ENG,DF,Nottingham Forest,28,1995,4,1,137,1.5,0,0,0,0,0,0,1,0,0.0,0.0,0.0,0.0,0.0,0
448,Sandro Tonali,it ITA,MF,Newcastle United,24,2000,36,28,2630,29.2,4,2,6,4,0,0,5,0,0.14,0.07,0.21,0.14,0.21,0
449,Pau Torres,es ESP,DF,Aston Villa,27,1997,24,23,2020,22.4,0,0,0,0,0,0,2,0,0.0,0.0,0.0,0.0,0.0,0
450,Conor Townsend,eng ENG,DF,Ipswich Town,31,1993,6,3,335,3.7,0,1,1,0,0,0,1,0,0.0,0.27,0.27,0.0,0.27,0
451,Adama Traoré,es ESP,MF,Fulham,28,1996,36,18,1772,19.7,2,7,9,2,0,0,3,0,0.1,0.36,0.46,0.1,0.46,1
452,Mark Travers,ie IRL,GK,Bournemouth,25,1999,5,5,450,5.0,0,0,0,0,0,0,0,0,0.0,0.0,0.0,0.0,0.0,0
453,Kieran Trippier,eng ENG,DF,Newcastle United,33,1990,25,14,1309,14.5,0,3,3,0,0,0,1,0,0.0,0.21,0.21,0.0,0.21,0
454,Leandro Trossard,be BEL,FW,Arsenal,29,1994,38,28,2546,28.3,8,7,15,8,0,0,4,1,0.28,0.25,0.53,0.28,0.53,1
455,Kostas Tsimikas,gr GRE,DF,Liverpool,28,1996,18,9,837,9.3,0,1,1,0,0,0,2,0,0.0,0.11,0.11,0.0,0.11,0
456,Axel Tuanzebe,cd COD,DF,Ipswich Town,26,1997,22,20,1710,19.0,0,1,1,0,0,0,5,1,0.0,0.05,0.05,0.0,0.05,0
457,Destiny Udogie,it ITA,DF,Tottenham Hotspur,21,2002,25,24,1924,21.4,0,1,1,0,0,0,2,0,0.0,0.05,0.05,0.0,0.05,0
458,Manuel Ugarte,uy URU,MF,Manchester Utd,23,2001,29,22,1785,19.8,1,2,3,1,0,0,11,0,0.05,0.1,0.15,0.05,0.15,0
459,Lesley Ugochukwu,fr FRA,MF,Southampton,20,2004,26,18,1655,18.4,1,1,2,1,0,0,7,0,0.05,0.05,0.11,0.05,0.11,0
460,Enes Ünal,tr TUR,FW,Bournemouth,27,1997,17,2,345,3.8,2,1,3,2,0,0,2,0,0.52,0.26,0.78,0.52,0.78,1
461,Hákon Valdimarsson,is ISL,GK,Brentford,22,2001,2,1,145,1.6,0,0,0,0,0,0,0,0,0.0,0.0,0.0,0.0,0.0,0
462,Virgil van Dijk,nl NED,DF,Liverpool,33,1991,37,37,3330,37.0,3,1,4,3,0,0,5,0,0.08,0.03,0.11,0.08,0.11,0
463,Jamie Vardy,eng ENG,FW,Leicester City,37,1987,35,35,2823,31.4,9,4,13,8,1,2,5,0,0.29,0.13,0.41,0.26,0.38,1
464,Renato Veiga,pt POR,MF,Chelsea,21,2003,7,1,181,2.0,0,0,0,0,0,0,2,0,0.0,0.0,0.0,0.0,0.0,0
465,Joël Veltman,nl NED,DF,Brighton,32,1992,21,19,1697,18.9,0,0,0,0,0,0,5,0,0.0,0.0,0.0,0.0,0.0,0
466,Micky van de Ven,nl NED,DF,Tottenham Hotspur,23,2001,13,12,1015,11.3,0,2,2,0,0,0,4,0,0.0,0.18,0.18,0.0,0.18,0
467,Bart Verbruggen,nl NED,GK,Brighton,21,2002,36,36,3240,36.0,0,1,1,0,0,0,5,0,0.0,0.03,0.03,0.0,0.03,0
468,Jannik Vestergaard,dk DEN,DF,Leicester City,31,1992,18,16,1391,15.5,0,0,0,0,0,0,5,0,0.0,0.0,0.0,0.0,0.0,0
469,Guglielmo Vicario,it ITA,GK,Tottenham Hotspur,27,1996,24,24,2160,24.0,0,0,0,0,0,0,1,0,0.0,0.0,0.0,0.0,0.0,0
470,Kyle Walker,eng ENG,DF,Manchester City,34,1990,15,9,970,10.8,0,0,0,0,0,0,3,0,0.0,0.0,0.0,0.0,0.0,0
471,Kyle Walker-Peters,eng ENG,"MF,DF",Southampton,27,1997,33,33,2918,32.4,0,2,2,0,0,0,5,0,0.0,0.06,0.06,0.0,0.06,0
472,Christian Walton,eng ENG,GK,Ipswich Town,28,1995,7,7,630,7.0,0,0,0,0,0,0,0,0,0.0,0.0,0.0,0.0,0.0,0
473,Aaron Wan-Bissaka,cd COD,"DF,MF",West Ham United,26,1997,36,35,3154,35.0,2,5,7,2,0,0,1,0,0.06,0.14,0.2,0.06,0.2,0
474,Danny Ward,wls WAL,GK,Leicester City,31,1993,2,1,135,1.5,0,0,0,0,0,0,0,0,0.0,0.0,0.0,0.0,0.0,0
475,James Ward-Prowse,eng ENG,MF,West Ham United,29,1994,15,12,1039,11.5,1,1,2,1,0,0,2,0,0.09,0.09,0.17,0.09,0.17,0
476,James Ward-Prowse,eng ENG,MF,Nottingham Forest,29,1994,9,5,400,4.4,0,1,1,0,0,0,2,1,0.0,0.23,0.23,0.0,0.23,0
477,Ollie Watkins,eng ENG,FW,Aston Villa,28,1995,38,31,2598,28.9,16,8,24,14,2,2,2,0,0.55,0.28,0.83,0.48,0.76,1
478,Adam Webster,eng ENG,DF,Brighton,29,1995,14,11,887,9.9,0,0,0,0,0,0,1,0,0.0,0.0,0.0,0.0,0.0,0
479,Danny Welbeck,eng ENG,FW,Brighton,33,1990,30,24,2115,23.5,10,4,14,9,1,1,5,0,0.43,0.17,0.6,0.38,0.55,1
480,Welington,br BRA,"MF,DF",Southampton,23,2001,10,6,482,5.4,0,0,0,0,0,0,1,0,0.0,0.0,0.0,0.0,0.0,0
481,Timo Werner,de GER,"FW,MF",Tottenham Hotspur,28,1996,18,4,516,5.7,0,3,3,0,0,0,0,0,0.0,0.52,0.52,0.0,0.52,0
482,Adam Wharton,eng ENG,MF,Crystal Palace,20,2004,20,16,1318,14.6,0,2,2,0,0,0,2,0,0.0,0.14,0.14,0.0,0.14,0
483,Ben White,eng ENG,DF,Arsenal,26,1997,17,13,1198,13.3,0,2,2,0,0,0,2,0,0.0,0.15,0.15,0.0,0.15,0
484,Mats Wieffer,nl NED,"DF,MF",Brighton,24,1999,25,10,1015,11.3,1,3,4,1,0,0,6,0,0.09,0.27,0.35,0.09,0.35,0
485,Neco Williams,wls WAL,"DF,MF",Nottingham Forest,23,2001,35,28,2594,28.8,1,3,4,1,0,0,7,0,0.03,0.1,0.14,0.03,0.14,0
486,Willian,br BRA,"MF,FW",Fulham,35,1988,10,2,257,2.9,0,0,0,0,0,0,0,0,0.0,0.0,0.0,0.0,0.0,0
487,Joe Willock,eng ENG,MF,Newcastle United,24,1999,32,11,1086,12.1,0,2,2,0,0,0,4,0,0.0,0.17,0.17,0.0,0.17,0
488,Callum Wilson,eng ENG,FW,Newcastle United,32,1992,18,2,370,4.1,0,0,0,0,0,0,1,0,0.0,0.0,0.0,0.0,0.0,0
489,Harry Wilson,wls WAL,"MF,FW",Fulham,27,1997,25,12,1162,12.9,6,1,7,6,0,0,2,0,0.46,0.08,0.54,0.46,0.54,1
490,Harry Winks,eng ENG,MF,Leicester City,28,1996,22,17,1538,17.1,0,2,2,0,0,0,4,0,0.0,0.12,0.12,0.0,0.12,0
491,Yoane Wissa,cd COD,FW,Brentford,27,1996,35,34,2919,32.4,19,4,23,19,0,0,5,0,0.59,0.12,0.71,0.59,0.71,1
492,Chris Wood,nz NZL,FW,Nottingham Forest,32,1991,36,35,2959,32.9,20,3,23,17,3,3,1,0,0.61,0.09,0.7,0.52,0.61,1
493,Nathan Wood-Gordon,eng ENG,DF,Southampton,22,2002,11,9,773,8.6,0,0,0,0,0,0,2,0,0.0,0.0,0.0,0.0,0.0,0
494,Luke Woolfenden,eng ENG,DF,Ipswich Town,25,1998,15,12,1187,13.2,0,0,0,0,0,0,2,0,0.0,0.0,0.0,0.0,0.0,0
495,Yehor Yarmoliuk,ua UKR,MF,Brentford,20,2004,31,15,1450,16.1,0,0,0,0,0,0,6,0,0.0,0.0,0.0,0.0,0.0,0
496,Ryan Yates,eng ENG,MF,Nottingham Forest,26,1997,35,18,1915,21.3,2,1,3,2,0,0,10,0,0.09,0.05,0.14,0.09,0.14,0
497,Leny Yoro,fr FRA,DF,Manchester Utd,18,2005,21,12,1165,12.9,0,0,0,0,0,0,5,0,0.0,0.0,0.0,0.0,0.0,0
498,Ashley Young,eng ENG,DF,Everton,39,1985,32,19,1875,20.8,1,3,4,1,0,0,7,1,0.05,0.14,0.19,0.05,0.19,0
499,Illia Zabarnyi,ua UKR,DF,Bournemouth,21,2002,36,35,3109,34.5,0,1,1,0,0,0,4,1,0.0,0.03,0.03,0.0,0.03,0
500,Oleksandr Zinchenko,ua UKR,"DF,MF",Arsenal,27,1996,15,5,527,5.9,0,1,1,0,0,0,1,0,0.0,0.17,0.17,0.0,0.17,0
501,Joshua Zirkzee,nl NED,"FW,MF",Manchester Utd,23,2001,32,14,1402,15.6,3,1,4,3,0,0,2,0,0.19,0.06,0.26,0.19,0.26,0
502,Martin Ødegaard,no NOR,MF,Arsenal,25,1998,30,26,2325,25.8,3,8,11,2,1,1,4,0,0.12,0.31,0.43,0.08,0.39,1
